ForeFlight Logbook Import,This row is required for importing into ForeFlight. Do not delete or modify.,,,,,,,,,,,,,,,,,,,,,,,,,,,,,,,,,,,,,,,,,,,,,,,,,,,,,,,,,,
,,,,,,,,,,,,,,,,,,,,,,,,,,,,,,,,,,,,,,,,,,,,,,,,,,,,,,,,,,,,
Aircraft Table,,,,,,,,,,,,,,,,,,,,,,,,,,,,,,,,,,,,,,,,,,,,,,,,,,,,,,,,,,,,
AircraftID,TypeCode,Year,Make,Model,GearType,EngineType,equipType (FAA),aircraftClass (FAA),complexAircraft (FAA),taa (FAA),highPerformance (FAA),pressurized (FAA),,,,,,,,,,,,,,,,,,,,,,,,,,,,,,,,,,,,,,,,,,,,,,,,
N1977E,C172P,,Cessna,172P,fixed_tricycle,Piston,aircraft,airplane_single_engine_land,,,,,,,,,,,,,,,,,,,,,,,,,,,,,,,,,,,,,,,,,,,,,,,,,,,,
N123AB,PA28,,Piper,PA28,fixed_tricycle,Piston,aircraft,airplane_single_engine_land,,,,,,,,,,,,,,,,,,,,,,,,,,,,,,,,,,,,,,,,,,,,,,,,,,,,
N456CD,SR22,,Cirrus,SR22,fixed_tricycle,Piston,aircraft,airplane_single_engine_land,,,,,,,,,,,,,,,,,,,,,,,,,,,,,,,,,,,,,,,,,,,,,,,,,,,,
N999ZZ,C172S,,Cessna,172S,fixed_tricycle,Piston,aircraft,airplane_single_engine_land,,,,,,,,,,,,,,,,,,,,,,,,,,,,,,,,,,,,,,,,,,,,,,,,,,,,
N789EF,PA44,,Piper,PA44,retractable_tricycle,Piston,aircraft,airplane_multi_engine_land,,,,,,,,,,,,,,,,,,,,,,,,,,,,,,,,,,,,,,,,,,,,,,,,,,,,
,,,,,,,,,,,,,,,,,,,,,,,,,,,,,,,,,,,,,,,,,,,,,,,,,,,,,,,,,,,,
Flights Table , , , , , , , , , , , , , , , , , , , , , , , , , , , , , , , , , , , , , , , , , , , , , , , , , , , , , , , ,Deprecated: Do not edit manually,Deprecated: Do not edit manually,Deprecated: Do not edit manually,Deprecated: Do not edit manually,Deprecated: Do not edit manually
Date,AircraftID,From,To,Route,TimeOut,TimeOff,TimeOn,TimeIn,OnDuty,OffDuty,TotalTime,PIC,SIC,Night,Solo,CrossCountry,PICUS,MultiPilot,IFR,Examiner,NVG,NVG Ops,Distance,ActualInstrument,SimulatedInstrument,HobbsStart,HobbsEnd,TachStart,TachEnd,Holds,Approach1,Approach2,Approach3,Approach4,Approach5,Approach6,DualGiven,DualReceived,SimulatedFlight,GroundTraining,GroundTrainingGiven,InstructorName,InstructorComments,Person1,Person2,Person3,Person4,Person5,Person6,PilotComments,Flight Review (FAA),IPC (FAA),Checkride (FAA),FAA 61.58 (FAA),NVG Proficiency (FAA),DayTakeoffs,DayLandingsFullStop,NightTakeoffs,NightLandingsFullStop,AllLandings
04/19/20,N1977E,KVKX,KVKX,KVKX CWD KVKX,,,,,,,1.1,1.1,,,,,,,,,,,110,,,,,,,,,,,,,,,,,,,,,,,,,,,,,,,,,,2,,,2
10/27/20,N1977E,KVKX,KVKX,KVKX W29 KVKX,,,,,,,0.6,0.6,,,,,,,,,,,20,,,,,,,,,,,,,,,,,,,,,,,,,,,,,,,,,,2,,,2
04/13/20,N1977E,KVKX,KVKX,KVKX KSBY KOXB KVKX,,,,,,,2.2,2.2,,,,,,,,,,,220,,,,,,,,,,,,,,,,,,,,,,,,,,,,,,,,,,3,,,3
06/17/20,N1977E,KVKX,KCGE,KVKX KCGE,,,,,,,0.6,0.6,,,,,,,,,,,50,,,,,,,,,,,,,,,,,,,,,,,,,,,,,,,,,,1,,,1
09/20/20,N1977E,KVKX,KVKX,KVKX KESN KVKX,,,,,,,0.7,0.7,,,,,,,,,,,70,,0.7,,,,,,1;RNAV (GPS) RWY 01;01;KVKX;;,,,,,,,,,,,,,,,,,,,,,,,,,,2,,,2
02/19/20,N1977E,KVKX,KESN,KVKX KESN,,,,,,,0.6,0.6,,,,,,,,,,,35,,0.6,,,,,,1;RNAV (GPS) RWY 01;01;KESN;;,,,,,,,,,,,,,,,,,,,,,,,,,,1,,,1
04/11/20,N1977E,KVKX,KVKX,KVKX W50 KVKX,,,,,,,0.6,0.6,,0.5,,,,,,,,,30,,,,,,,,,,,,,,,,,,,,,,,,,,,,,,,,,,2,,,2
02/22/20,N1977E,KVKX,KVKX,KVKX W50 KVKX,,,,,,,0.6,0.6,,,,,,,,,,,30,,,,,,,,,,,,,,,,,,,,,,,,,,,,,,,,,,2,,,2
06/05/20,N1977E,KVKX,KVKX,KVKX KCGE KVKX,,,,,,,1.0,1.0,,,,,,,,,,,100,,,,,,,,,,,,,,,,,,,,,,,,,,,,,,,,,,2,,,2
06/09/20,N1977E,KVKX,KVKX,KVKX KESN KVKX,,,,,,,0.7,0.7,,,,,,,,,,,70,,0.1,,,,,,1;RNAV (GPS) RWY 01;01;KVKX;;,,,,,,,,,,,,,,,,,,,,,,,,,,2,,,2
04/20/20,N1977E,KVKX,2W6,KVKX 2W6,,,,,,,0.6,0.6,,,,,,,,,,,30,,,,,,,,,,,,,,,,,,,,,,,,,,,,,,,,,,1,,,1
06/18/20,N1977E,KVKX,W50,KVKX W50,,,,,,,0.6,0.6,,,,,,,,,,,15,,,,,,,,,,,,,,,,,,,,,,,,,,,,,,,,,,1,,,1
08/15/20,N1977E,KVKX,KVKX,KVKX 2W5 KVKX,,,,,,,0.6,0.6,,0.6,,,,,,,,,40,,,,,,,,,,,,,,,,,,,,,,,,,,,,,,,,,,2,,,2
12/20/20,N1977E,KVKX,KESN,KVKX KESN,,,,,,,0.6,0.6,,,,,,,,,,,35,,,,,,,,,,,,,,,,,,,,,,,,,,,,,,,,,,1,,,1
06/02/20,N1977E,KVKX,KVKX,KVKX KMTN KVKX,,,,,,,0.8,0.8,,0.6,,,,,,,,,80,,,,,,,,,,,,,,,,,,,,,,,,,,,,,,,,,,2,,,2
01/10/20,N1977E,KVKX,KVKX,KVKX KTTN KVKX,,,,,,,2.6,2.6,,,,,,,,,,,260,,,,,,,,,,,,,,,,,,,,,,,,,,,,,,,,,,2,,,2
11/13/20,N1977E,KVKX,KVKX,KVKX W50 KVKX,,,,,,,0.6,0.6,,,,,,,,,,,30,,,,,,,,,,,,,,,,,,,,,,,,,,,,,,,,,,2,,,2
02/12/20,N1977E,KVKX,KVKX,KVKX 2W5 KVKX,,,,,,,0.6,0.6,,0.6,,,,,,,,,40,,0.6,,,,,,1;RNAV (GPS) RWY 01;01;KVKX;;,,,,,,,,,,,,,,,,,,,,,,,,,,2,,,2
03/19/20,N1977E,KVKX,KVKX,KVKX KMTN KVKX,,,,,,,0.8,0.8,,,,,,,,,,,80,,,,,,,,,,,,,,,,,,,,,,,,,,,,,,,,,,2,,,2
10/06/20,N1977E,KVKX,KVKX,KVKX 2W6 KVKX,,,,,,,0.6,0.6,,,,,,,,,,,60,,,,,,,,,,,,,,,,,,,,,,,,,,,,,,,,,,2,,,2
03/19/20,N1977E,KVKX,KVKX,KVKX KMTN KVKX,,,,,,,0.8,0.8,,,,,,,,,,,80,,,,,,,,,,,,,,,,,,,,,,,,,,,,,,,,,,2,,,2
08/05/20,N1977E,KVKX,W50,KVKX W50,,,,,,,0.6,0.6,,,,,,,,,,,15,,,,,,,,,,,,,,,,,,,,,,,,,,,,,,,,,,1,,,1
05/16/20,N1977E,KVKX,KESN,KVKX KESN,,,,,,,0.6,0.6,,,,,,,,,,,35,,,,,,,,,,,,,,,,,,,,,,,,,,,,,,,,,,1,,,1
06/08/20,N1977E,KVKX,KVKX,KVKX 2W6 KVKX,,,,,,,0.6,0.6,,,,,,,,,,,60,,,,,,,,,,,,,,,,,,,,,,,,,,,,,,,,,,2,,,2
05/10/20,N1977E,KVKX,KVKX,KVKX 2W5 KVKX,,,,,,,0.6,0.6,,,,,,,,,,,40,,0.1,,,,,,1;RNAV (GPS) RWY 01;01;KVKX;;,,,,,,,,,,,,,,,,,,,,,,,,,,2,,,2
05/24/20,N1977E,KVKX,KVKX,KVKX KCGE KVKX,,,,,,,1.0,1.0,,,,,,,,,,,100,,,,,,,,,,,,,,,,,,,,,,,,,,,,,,,,,,2,,,2
04/05/20,N1977E,KVKX,KCGE,KVKX KCGE,,,,,,,0.6,0.6,,,,,,,,,,,50,,,,,,,,,,,,,,,,,,,,,,,,,,,,,,,,,,1,,,1
08/05/20,N1977E,KVKX,2W6,KVKX 2W6,,,,,,,0.6,0.6,,,,,,,,,,,30,,,,,,,,,,,,,,,,,,,,,,,,,,,,,,,,,,1,,,1
01/16/20,N1977E,KVKX,KVKX,KVKX W50 KVKX,,,,,,,0.6,0.6,,,,,,,,,,,30,,,,,,,,,,,,,,,,,,,,,,,,,,,,,,,,,,2,,,2
10/27/20,N1977E,KVKX,KVKX,KVKX KMTN KVKX,,,,,,,0.8,0.8,,,,,,,,,,,80,,,,,,,,,,,,,,,,,,,,,,,,,,,,,,,,,,2,,,2
04/23/21,N1977E,KVKX,KVKX,KVKX KCGE KVKX,,,,,,,1.0,1.0,,,,,,,,,,,100,,,,,,,,,,,,,,,,,,,,,,,,,,,,,,,,,,2,,,2
01/27/21,N1977E,KVKX,KVKX,KVKX KFDK KVKX,,,,,,,0.9,0.9,,0.8,,,,,,,,,90,,,,,,,,,,,,,,,,,,,,,,,,,,,,,,,,,,2,,,2
05/19/21,N1977E,KVKX,KVKX,KVKX W50 KVKX,,,,,,,0.6,0.6,,,,,,,,,,,30,,,,,,,,,,,,,,,,,,,,,,,,,,,,,,,,,,2,,,2
06/14/21,N1977E,KVKX,KVKX,KVKX KMIV KVKX,,,,,,,1.8,1.8,,,,,,,,,,,180,,,,,,,,,,,,,,,,,,,,,,,,,,,,,,,,,,2,,,2
07/18/21,N1977E,KVKX,KFDK,KVKX KFDK,,,,,,,0.6,0.6,,,,,,,,,,,45,,,,,,,,,,,,,,,,,,,,,,,,,,,,,,,,,,1,,,1
01/14/21,N1977E,KVKX,2W5,KVKX 2W5,,,,,,,0.6,0.6,,,,,,,,,,,20,,,,,,,,,,,,,,,,,,,,,,,,,,,,,,,,,,1,,,1
05/28/21,N1977E,KVKX,KVKX,KVKX CWD KVKX,,,,,,,1.1,1.1,,,,,,,,,,,110,,,,,,,,,,,,,,,,,,,,,,,,,,,,,,,,,,2,,,2
03/13/21,N1977E,KVKX,KVKX,KVKX 2W5 KVKX,,,,,,,0.6,0.6,,0.5,,,,,,,,,40,,0.3,,,,,,1;RNAV (GPS) RWY 01;01;KVKX;;,,,,,,,,,,,,,,,,,,,,,,,,,,2,,,2
05/06/21,N1977E,KVKX,KVKX,KVKX KESN KVKX,,,,,,,0.7,0.7,,,,,,,,,,,70,,,,,,,,,,,,,,,,,,,,,,,,,,,,,,,,,,2,,,2
12/20/21,N1977E,KVKX,KVKX,KVKX KESN KVKX,,,,,,,0.7,0.7,,,,,,,,,,,70,,,,,,,,,,,,,,,,,,,,,,,,,,,,,,,,,,2,,,2
04/17/21,N1977E,KVKX,KVKX,KVKX KFDK KVKX,,,,,,,0.9,0.9,,,,,,,,,,,90,,,,,,,,,,,,,,,,,,,,,,,,,,,,,,,,,,2,,,2
11/25/21,N1977E,KVKX,KANP,KVKX KANP,,,,,,,0.6,0.6,,,,,,,,,,,15,,,,,,,,,,,,,,,,,,,,,,,,,,,,,,,,,,1,,,1
06/04/21,N1977E,KVKX,2W5,KVKX 2W5,,,,,,,0.6,0.6,,0.5,,,,,,,,,20,,,,,,,,,,,,,,,,,,,,,,,,,,,,,,,,,,1,,,1
11/22/21,N1977E,KVKX,KVKX,KVKX W50 KVKX,,,,,,,0.6,0.6,,,,,,,,,,,30,,,,,,,,,,,,,,,,,,,,,,,,,,,,,,,,,,2,,,2
08/15/21,N1977E,KVKX,KVKX,KVKX KCGE KVKX,,,,,,,1.0,1.0,,,,,,,,,,,100,,,,,,,,,,,,,,,,,,,,,,,,,,,,,,,,,,2,,,2
11/07/21,N1977E,KVKX,KVKX,KVKX W50 KVKX,,,,,,,0.6,0.6,,,,,,,,,,,30,,,,,,,,,,,,,,,,,,,,,,,,,,,,,,,,,,2,,,2
12/27/21,N1977E,KVKX,KFDK,KVKX KFDK,,,,,,,0.6,0.6,,,,,,,,,,,45,,,,,,,,,,,,,,,,,,,,,,,,,,,,,,,,,,1,,,1
09/17/21,N1977E,KVKX,KVKX,KVKX CWD KVKX,,,,,,,1.1,1.1,,,,,,,,,,,110,,,,,,,,,,,,,,,,,,,,,,,,,,,,,,,,,,2,,,2
06/01/21,N1977E,KVKX,CWD,KVKX CWD,,,,,,,0.6,0.6,,,,0.6,,,,,,,55,,0.3,,,,,,1;RNAV (GPS) RWY 01;01;CWD;;,,,,,,,,,,,,,,,,,,,,,,,,,,1,,,1
04/12/21,N1977E,KVKX,KFDK,KVKX KFDK,,,,,,,0.6,0.6,,,,,,,,,,,45,,,,,,,,,,,,,,,,,,,,,,,,,,,,,,,,,,1,,,1
03/11/21,N1977E,KVKX,KVKX,KVKX KCGE KVKX,,,,,,,1.0,1.0,,,,,,,,,,,100,,,,,,,,,,,,,,,,,,,,,,,,,,,,,,,,,,2,,,2
05/25/21,N1977E,KVKX,KVKX,KVKX KCGE KVKX,,,,,,,1.0,1.0,,,,,,,,,,,100,,,,,,,,,,,,,,,,,,,,,,,,,,,,,,,,,,2,,,2
11/12/21,N1977E,KVKX,KVKX,KVKX KMTN KVKX,,,,,,,0.8,0.8,,,,,,,,,,,80,,0.1,,,,,,1;RNAV (GPS) RWY 01;01;KVKX;;,,,,,,,,,,,,,,,,,,,,,,,,,,2,,,2
10/04/21,N1977E,KVKX,KMTN,KVKX KMTN,,,,,,,0.6,0.6,,,,,,,,,,,40,,,,,,,,,,,,,,,,,,,,,,,,,,,,,,,,,,1,,,1
02/11/21,N1977E,KVKX,KVKX,KVKX KESN KVKX,,,,,,,0.7,0.7,,0.5,,,,,,,,,70,,,,,,,,,,,,,,,,,,,,,,,,,,,,,,,,,,2,,,2
04/05/21,N1977E,KVKX,KVKX,KVKX KCGE KVKX,,,,,,,1.0,1.0,,,,,,,,,,,100,,,,,,,,,,,,,,,,,,,,,,,,,,,,,,,,,,2,,,2
06/03/21,N1977E,KVKX,KVKX,KVKX 2W6 KVKX,,,,,,,0.6,0.6,,,,,,,,,,,60,,,,,,,,,,,,,,,,,,,,,,,,,,,,,,,,,,2,,,2
03/26/21,N1977E,KVKX,KVKX,KVKX KLNS KVKX,,,,,,,1.7,1.7,,1.0,,,,,,,,,170,,,,,,,,,,,,,,,,,,,,,,,,,,,,,,,,,,2,,,2
06/04/21,N1977E,KVKX,2W5,KVKX 2W5,,,,,,,0.6,0.6,,,,,,,,,,,20,,,,,,,,,,,,,,,,,,,,,,,,,,,,,,,,,,1,,,1
11/18/21,N1977E,KVKX,KVKX,KVKX KCGE KVKX,,,,,,,1.0,1.0,,,,,,,,,,,100,,,,,,,,,,,,,,,,,,,,,,,,,,,,,,,,,,2,,,2
06/25/21,N1977E,KVKX,KVKX,KVKX 2W6 KVKX,,,,,,,0.6,0.6,,,,,,,,,,,60,,0.2,,,,,,1;RNAV (GPS) RWY 01;01;KVKX;;,,,,,,,,,,,,,,,,,,,,,,,,,,2,,,2
11/20/21,N1977E,KVKX,KCGE,KVKX KCGE,,,,,,,0.6,0.6,,,,,,,,,,,50,,,,,,,,,,,,,,,,,,,,,,,,,,,,,,,,,,1,,,1
02/23/21,N1977E,KVKX,W29,KVKX W29,,,,,,,0.6,0.6,,,,,,,,,,,10,,,,,,,,,,,,,,,,,,,,,,,,,,,,,,,,,,1,,,1
07/03/21,N1977E,KVKX,KVKX,KVKX KANP KVKX,,,,,,,0.6,0.6,,0.5,,,,,,,,,30,,,,,,,,,,,,,,,,,,,,,,,,,,,,,,,,,,2,,,2
04/09/21,N1977E,KVKX,W29,KVKX W29,,,,,,,0.6,0.6,,,,,,,,,,,10,,,,,,,,,,,,,,,,,,,,,,,,,,,,,,,,,,1,,,1
11/05/21,N1977E,KVKX,W29,KVKX W29,,,,,,,0.6,0.6,,,,,,,,,,,10,,,,,,,,,,,,,,,,,,,,,,,,,,,,,,,,,,1,,,1
02/06/21,N1977E,KVKX,KVKX,KVKX KRIC KVKX,,,,,,,1.7,1.7,,1.7,,,,,,,,,170,,,,,,,,,,,,,,,,,,,,,,,,,,,,,,,,,,2,,,2
02/17/21,N1977E,KVKX,KVKX,KVKX W29 KVKX,,,,,,,0.6,0.6,,,,,,,,,,,20,,,,,,,,,,,,,,,,,,,,,,,,,,,,,,,,,,2,,,2
07/08/21,N1977E,KVKX,CWD,KVKX CWD,,,,,,,0.6,0.6,,,,0.6,,,,,,,55,,0.5,,,,,,1;RNAV (GPS) RWY 01;01;CWD;;,,,,,,,,,,,,,,,,,,,,,,,,,,1,,,1
10/06/21,N1977E,KVKX,KVKX,KVKX W50 KVKX,,,,,,,0.6,0.6,,0.5,,,,,,,,,30,,,,,,,,,,,,,,,,,,,,,,,,,,,,,,,,,,2,,,2
04/27/22,N123AB,KORL,KORL,KORL KSFB KORL,,,,,,,0.2,0.2,,,,,,,,,,,20,,0.2,,,,,,1;RNAV (GPS) RWY 01;01;KORL;;,,,,,,,,,,,,,,,,,,,,,,,,,,2,,,2
11/09/22,N123AB,KORL,KORL,KORL KDAB KORL,,,,,,,0.8,0.8,,,,,,,,,,,90,,0.8,,,,,,1;RNAV (GPS) RWY 01;01;KORL;;,,,,,,,,,,,,,,,,,,,,,,,,,,2,,,2
09/16/22,N123AB,KORL,KORL,KORL KTPA KORL,,,,,,,1.2,1.2,,,,,,,,,,,140,,1.2,,,,,,1;RNAV (GPS) RWY 01;01;KORL;;,,,,,,,,,,,,,,,,,,,,,,,,,,2,,,2
08/01/22,N123AB,KORL,KORL,KORL KPGD KORL,,,,,,,1.8,1.8,,0.9,,,,,,,,,210,,1.1,,,,,,1;RNAV (GPS) RWY 01;01;KORL;;,,,,,,,,,,,,,,,,,,,,,,,,,,1,,1,2
03/22/22,N123AB,KORL,KORL,KORL KDAB KORL,,,,,,,0.8,0.8,,,,,,,,,,,90,,0.8,,,,,,1;RNAV (GPS) RWY 01;01;KORL;;,,,,,,,,,,,,,,,,,,,,,,,,,,2,,,2
04/20/22,N123AB,KORL,KORL,KORL KOCF KORL,,,,,,,0.8,0.8,,,,,,,,,,,100,,,,,,,,,,,,,,,,,,,,,,,,,,,,,,,,,,2,,,2
12/03/22,N123AB,KORL,KORL,KORL KMLB KORL,,,,,,,0.8,0.8,,,,,,,,,,,100,,,,,,,,,,,,,,,,,,,,,,,,,,,,,,,,,,2,,,2
07/01/22,N123AB,KORL,KORL,KORL KSFB KORL,,,,,,,0.2,0.2,,,,,,,,,,,20,,,,,,,,,,,,,,,,,,,,,,,,,,,,,,,,,,2,,,2
10/12/22,N123AB,KORL,KORL,KORL KSRQ KORL,,,,,,,1.6,1.6,,,,,,,,,,,190,,,,,,,,,,,,,,,,,,,,,,,,,,,,,,,,,,2,,,2
08/07/22,N123AB,KORL,KORL,KORL KSFB KORL,,,,,,,0.2,0.2,,,,,,,,,,,20,,0.2,,,,,,1;RNAV (GPS) RWY 01;01;KORL;;,,,,,,,,,,,,,,,,,,,,,,,,,,2,,,2
06/12/22,N123AB,KORL,KORL,KORL KDAB KORL,,,,,,,0.8,0.8,,0.6,,,,,,,,,90,,,,,,,,,,,,,,,,,,,,,,,,,,,,,,,,,,1,,1,2
05/02/22,N123AB,KORL,KORL,KORL KGNV KTLH KORL,,,,,,,3.2,3.2,,0.7,,,,,,,,,380,,1.9,,,,,,1;RNAV (GPS) RWY 01;01;KORL;;,,,,,,,,,,,,,,,,,,,,,,,,,,3,,,3
01/21/22,N123AB,KORL,KORL,KORL KDAB KORL,,,,,,,0.8,0.8,,,,,,,,,,,90,,,,,,,,,,,,,,,,,,,,,,,,,,,,,,,,,,2,,,2
07/13/22,N123AB,KORL,KORL,KORL KSFB KORL,,,,,,,0.2,0.2,,,,,,,,,,,20,,,,,,,,,,,,,,,,,,,,,,,,,,,,,,,,,,2,,,2
01/18/22,N123AB,KORL,KORL,KORL KSFB KORL,,,,,,,0.2,0.2,,,,,,,,,,,20,,0.2,,,,,,1;RNAV (GPS) RWY 01;01;KORL;;,,,,,,,,,,,,,,,,,,,,,,,,,,2,,,2
09/06/22,N123AB,KORL,KORL,KORL KTPA KORL,,,,,,,1.2,1.2,,,,,,,,,,,140,,1.0,,,,,,1;RNAV (GPS) RWY 01;01;KORL;;,,,,,,,,,,,,,,,,,,,,,,,,,,2,,,2
06/25/22,N123AB,KORL,KORL,KORL KISM KORL,,,,,,,0.2,0.2,,,,,,,,,,,30,,,,,,,,,,,,,,,,,,,,,,,,,,,,,,,,,,2,,,2
12/03/22,N123AB,KORL,KORL,KORL KCLW KORL,,,,,,,1.2,1.2,,,,,,,,,,,150,,0.6,,,,,,1;RNAV (GPS) RWY 01;01;KORL;;,,,,,,,,,,,,,,,,,,,,,,,,,,2,,,2
07/13/22,N123AB,KORL,KORL,KORL KISM KORL,,,,,,,0.2,0.2,,0.25,,,,,,,,,30,,,,,,,,,,,,,,,,,,,,,,,,,,,,,,,,,,1,,1,2
11/01/22,N123AB,KORL,KORL,KORL KMLB KORL,,,,,,,0.8,0.8,,,,,,,,,,,100,,0.8,,,,,,1;RNAV (GPS) RWY 01;01;KORL;;,,,,,,,,,,,,,,,,,,,,,,,,,,2,,,2
09/05/22,N123AB,KORL,KORL,KORL KAMG KORL,,,,,,,3.0,3.0,,1.4,,,,,,,,,360,,,,,,,,,,,,,,,,,,,,,,,,,,,,,,,,,,1,,1,2
12/04/22,N123AB,KORL,KORL,KORL KPIE KORL,,,,,,,1.3,1.3,,,,,,,,,,,160,,1.3,,,,,,1;RNAV (GPS) RWY 01;01;KORL;;,,,,,,,,,,,,,,,,,,,,,,,,,,2,,,2
10/13/22,N123AB,KORL,KORL,KORL KPGD KORL,,,,,,,1.8,1.8,,,,,,,,,,,210,,,,,,,,,,,,,,,,,,,,,,,,,,,,,,,,,,2,,,2
09/14/22,N123AB,KORL,KORL,KORL KDAB KORL,,,,,,,0.8,0.8,,0.6,,,,,,,,,90,,0.8,,,,,,1;RNAV (GPS) RWY 01;01;KORL;;,,,,,,,,,,,,,,,,,,,,,,,,,,2,,,2
07/25/22,N123AB,KORL,KORL,KORL KSRQ KORL,,,,,,,1.6,1.6,,,,,,,,,,,190,,0.7,,,,,,1;RNAV (GPS) RWY 01;01;KORL;;,,,,,,,,,,,,,,,,,,,,,,,,,,2,,,2
08/23/22,N123AB,KORL,KORL,KORL KFXE KORL,,,,,,,2.5,2.5,,0.8,,,,,,,,,300,,,,,,,,,,,,,,,,,,,,,,,,,,,,,,,,,,1,,1,2
01/11/22,N123AB,KORL,KORL,KORL KSFB KSSI KORL,,,,,,,2.7,2.7,,,,,,,,,,,320,,,,,,,,,,,,,,,,,,,,,,,,,,,,,,,,,,3,,,3
08/10/22,N123AB,KORL,KORL,KORL KMLB KORL,,,,,,,0.8,0.8,,0.6,,,,,,,,,100,,,,,,,,,,,,,,,,,,,,,,,,,,,,,,,,,,2,,,2
12/28/22,N123AB,KORL,KORL,KORL KLEE KORL,,,,,,,0.5,0.5,,,,,,,,,,,60,,0.5,,,,,,1;RNAV (GPS) RWY 01;01;KORL;;,,,,,,,,,,,,,,,,,,,,,,,,,,2,,,2
05/12/22,N123AB,KORL,KORL,KORL KSFB KORL,,,,,,,0.2,0.2,,,,,,,,,,,20,,0.1,,,,,,1;RNAV (GPS) RWY 01;01;KORL;;,,,,,,,,,,,,,,,,,,,,,,,,,,2,,,2
12/06/22,N123AB,KORL,KORL,KORL KTPA KORL,,,,,,,1.2,1.2,,,,,,,,,,,140,,1.2,,,,,,1;RNAV (GPS) RWY 01;01;KORL;;,,,,,,,,,,,,,,,,,,,,,,,,,,2,,,2
07/15/22,N123AB,KORL,KORL,KORL KDAB KORL,,,,,,,0.8,0.8,,,,,,,,,,,90,,0.3,,,,,,1;RNAV (GPS) RWY 01;01;KORL;;,,,,,,,,,,,,,,,,,,,,,,,,,,2,,,2
07/27/22,N123AB,KORL,KORL,KORL KVLD KORL,,,,,,,2.8,2.8,,0.6,,,,,,,,,340,,,,,,,,,,,,,,,,,,,,,,,,,,,,,,,,,,1,,1,2
01/13/22,N123AB,KORL,KORL,KORL KFPR KORL,,,,,,,1.4,1.4,,,,,,,,,,,170,,,,,,,,,,,,,,,,,,,,,,,,,,,,,,,,,,2,,,2
01/13/22,N123AB,KORL,KORL,KORL KTPA KORL,,,,,,,1.2,1.2,,,,,,,,,,,140,,0.3,,,,,,1;RNAV (GPS) RWY 01;01;KORL;;,,,,,,,,,,,,,,,,,,,,,,,,,,2,,,2
11/09/22,N123AB,KORL,KORL,KORL KSRQ KORL,,,,,,,1.6,1.6,,,,,,,,,,,190,,1.1,,,,,,1;RNAV (GPS) RWY 01;01;KORL;;,,,,,,,,,,,,,,,,,,,,,,,,,,2,,,2
01/12/22,N123AB,KORL,KORL,KORL KMLB KORL,,,,,,,0.8,0.8,,,,,,,,,,,100,,0.8,,,,,,1;RNAV (GPS) RWY 01;01;KORL;;,,,,,,,,,,,,,,,,,,,,,,,,,,2,,,2
06/21/22,N123AB,KORL,KORL,KORL KISM KORL,,,,,,,0.2,0.2,,0.25,,,,,,,,,30,,,,,,,,,,,,,,,,,,,,,,,,,,,,,,,,,,1,,1,2
05/21/22,N123AB,KORL,KORL,KORL KMLB KFPR KORL,,,,,,,1.5,1.5,,,,,,,,,,,180,,0.9,,,,,,1;RNAV (GPS) RWY 01;01;KORL;;,,,,,,,,,,,,,,,,,,,,,,,,,,3,,,3
02/17/22,N123AB,KORL,KORL,KORL KMLB KORL,,,,,,,0.8,0.8,,0.5,,,,,,,,,100,,0.8,,,,,,1;RNAV (GPS) RWY 01;01;KORL;;,,,,,,,,,,,,,,,,,,,,,,,,,,2,,,2
08/02/22,N123AB,KORL,KORL,KORL KMLB KFPR KORL,,,,,,,1.5,1.5,,1.1,,,,,,,,,180,,1.5,,,,,,1;RNAV (GPS) RWY 01;01;KORL;;,,,,,,,,,,,,,,,,,,,,,,,,,,3,,,3
10/24/22,N123AB,KORL,KORL,KORL KDAB KORL,,,,,,,0.8,0.8,,,,,,,,,,,90,,0.8,,,,,,1;RNAV (GPS) RWY 01;01;KORL;;,,,,,,,,,,,,,,,,,,,,,,,,,,2,,,2
11/19/22,N123AB,KORL,KORL,KORL KPBI KORL,,,,,,,2.1,2.1,,1.3,,,,,,,,,250,,1.6,,,,,,1;RNAV (GPS) RWY 01;01;KORL;;,,,,,,,,,,,,,,,,,,,,,,,,,,1,,1,2
11/14/22,N123AB,KORL,KORL,KORL KTPA KORL,,,,,,,1.2,1.2,,0.5,,,,,,,,,140,,1.0,,,,,,1;RNAV (GPS) RWY 01;01;KORL;;,,,,,,,,,,,,,,,,,,,,,,,,,,1,,1,2
06/21/22,N123AB,KORL,KORL,KORL KISM KORL,,,,,,,0.2,0.2,,,,,,,,,,,30,,0.2,,,,,,1;RNAV (GPS) RWY 01;01;KORL;;,,,,,,,,,,,,,,,,,,,,,,,,,,2,,,2
01/08/23,N456CD,KORL,KORL,KORL KFPR KORL,,,,,,,1.4,1.4,,,,,,,,,,,170,0.4,,,,,,,1;RNAV (GPS) RWY 01;01;KORL;;,,,,,,,,,,,,,,,,,,,,,,,,,,2,,,2
08/05/23,N456CD,KORL,KORL,KORL KDAB KORL,,,,,,,0.8,0.8,,0.6,,,,,,,,,90,0.7,0.8,,,,,,1;RNAV (GPS) RWY 01;01;KORL;;,,,,,,,,,,,,,,,,,,,,,,,,,,1,,1,2
01/14/23,N123AB,KORL,KORL,KORL KDAB KSAV KORL,,,,,,,3.5,3.5,,,,,,,,,,,420,0.5,,,,,,,1;RNAV (GPS) RWY 01;01;KORL;;,,,,,,,,,,,,,,,,,,,,,,,,,,3,,,3
05/10/23,N456CD,KORL,KORL,KORL KTPA KSRQ KORL,,,,,,,1.7,1.7,,,,,,,,,,,200,,,,,,,,,,,,,,,,,,,,,,,,,,,,,,,,,,3,,,3
06/03/23,N123AB,KORL,KORL,KORL KTPA KORL,,,,,,,1.2,1.2,,0.8,,,,,,,,,140,,1.2,,,,,,1;RNAV (GPS) RWY 01;01;KORL;;,,,,,,,,,,,,,,,,,,,,,,,,,,1,,1,2
11/27/23,N456CD,KORL,KORL,KORL KSRQ KORL,,,,,,,1.6,1.6,,,,,,,,,,,190,,,,,,,,,,,,,,,,,,,,,,,,,,,,,,,,,,2,,,2
02/23/23,N456CD,KORL,KORL,KORL KLEE KORL,,,,,,,0.5,0.5,,0.5,,,,,,,,,60,0.7,,,,,,,1;RNAV (GPS) RWY 01;01;KORL;;,,,,,,,,,,,,,,,,,,,,,,,,,,1,,1,2
04/23/23,N456CD,KORL,KORL,KORL KISM KORL,,,,,,,0.2,0.2,,,,,,,,,,,30,,0.2,,,,,,1;RNAV (GPS) RWY 01;01;KORL;;,,,,,,,,,,,,,,,,,,,,,,,,,,2,,,2
10/14/23,N456CD,KORL,KORL,KORL KGNV KTLH KORL,,,,,,,3.2,3.2,,1.5,,,,,,,,,380,,1.1,,,,,,1;RNAV (GPS) RWY 01;01;KORL;;,,,,,,,,,,,,,,,,,,,,,,,,,,2,,1,3
02/15/23,N123AB,KORL,KORL,KORL KDAB KORL,,,,,,,0.8,0.8,,0.5,,,,,,,,,90,0.8,0.7,,,,,,1;RNAV (GPS) RWY 01;01;KORL;;,,,,,,,,,,,,,,,,,,,,,,,,,,2,,,2
06/05/23,N123AB,KORL,KORL,KORL KPBI KORL,,,,,,,2.1,2.1,,1.0,,,,,,,,,250,0.8,2.1,,,,,,1;RNAV (GPS) RWY 01;01;KORL;;,,,,,,,,,,,,,,,,,,,,,,,,,,1,,1,2
07/28/23,N456CD,KORL,KORL,KORL KDAB KORL,,,,,,,0.8,0.8,,0.5,,,,,,,,,90,,0.7,,,,,,1;RNAV (GPS) RWY 01;01;KORL;;,,,,,,,,,,,,,,,,,,,,,,,,,,1,,1,2
06/05/23,N456CD,KORL,KORL,KORL KOCF KORL,,,,,,,0.8,0.8,,,,,,,,,,,100,,0.8,,,,,,1;RNAV (GPS) RWY 01;01;KORL;;,,,,,,,,,,,,,,,,,,,,,,,,,,2,,,2
06/22/23,N456CD,KORL,KORL,KORL KVLD KORL,,,,,,,2.8,2.8,,0.7,,,,,,,,,340,,1.7,,,,,,1;RNAV (GPS) RWY 01;01;KORL;;,,,,,,,,,,,,,,,,,,,,,,,,,,1,,1,2
02/23/23,N456CD,KORL,KORL,KORL KMLB KORL,,,,,,,0.8,0.8,,,,,,,,,,,100,,,,,,,,,,,,,,,,,,,,,,,,,,,,,,,,,,2,,,2
04/03/23,N123AB,KORL,KORL,KORL KSRQ KORL,,,,,,,1.6,1.6,,,,,,,,,,,190,,,,,,,,,,,,,,,,,,,,,,,,,,,,,,,,,,2,,,2
12/03/23,N123AB,KORL,KORL,KORL KSRQ KORL,,,,,,,1.6,1.6,,,,,,,,,,,190,,1.6,,,,,,1;RNAV (GPS) RWY 01;01;KORL;;,,,,,,,,,,,,,,,,,,,,,,,,,,2,,,2
11/03/23,N123AB,KORL,KORL,KORL KTIX KORL,,,,,,,0.6,0.6,,,,,,,,,,,70,,0.6,,,,,,1;RNAV (GPS) RWY 01;01;KORL;;,,,,,,,,,,,,,,,,,,,,,,,,,,2,,,2
10/17/23,N123AB,KORL,KORL,KORL KISM KORL,,,,,,,0.2,0.2,,0.25,,,,,,,,,30,,,,,,,,,,,,,,,,,,,,,,,,,,,,,,,,,,2,,,2
01/15/23,N123AB,KORL,KORL,KORL KOCF KDHN KORL,,,,,,,4.0,4.0,,,,,,,,,,,480,0.8,,,,,,,1;RNAV (GPS) RWY 01;01;KORL;;,,,,,,,,,,,,,,,,,,,,,,,,,,3,,,3
12/03/23,N456CD,KORL,KORL,KORL KCLW KORL,,,,,,,1.2,1.2,,0.9,,,,,,,,,150,,,,,,,,,,,,,,,,,,,,,,,,,,,,,,,,,,1,,1,2
01/15/23,N456CD,KORL,KORL,KORL KTPA KORL,,,,,,,1.2,1.2,,0.9,,,,,,,,,140,,,,,,,,,,,,,,,,,,,,,,,,,,,,,,,,,,1,,1,2
01/09/23,N123AB,KORL,KORL,KORL KSRQ KORL,,,,,,,1.6,1.6,,1.5,,,,,,,,,190,,,,,,,,,,,,,,,,,,,,,,,,,,,,,,,,,,1,,1,2
12/20/23,N123AB,KORL,KORL,KORL KMLB KORL,,,,,,,0.8,0.8,,0.8,,,,,,,,,100,0.7,0.8,,,,,,1;RNAV (GPS) RWY 01;01;KORL;;,,,,,,,,,,,,,,,,,,,,,,,,,,2,,,2
06/15/23,N456CD,KORL,KORL,KORL KDAB KORL,,,,,,,0.8,0.8,,0.6,,,,,,,,,90,,,,,,,,,,,,,,,,,,,,,,,,,,,,,,,,,,1,,1,2
10/27/23,N456CD,KORL,KORL,KORL KSPG KORL,,,,,,,1.3,1.3,,1.2,,,,,,,,,160,,1.1,,,,,,1;RNAV (GPS) RWY 01;01;KORL;;,,,,,,,,,,,,,,,,,,,,,,,,,,1,,1,2
04/23/23,N123AB,KORL,KORL,KORL KMLB KFPR KORL,,,,,,,1.5,1.5,,1.0,,,,,,,,,180,,1.5,,,,,,1;RNAV (GPS) RWY 01;01;KORL;;,,,,,,,,,,,,,,,,,,,,,,,,,,3,,,3
12/17/23,N123AB,KORL,KORL,KORL KTPA KORL,,,,,,,1.2,1.2,,,,,,,,,,,140,,1.2,,,,,,1;RNAV (GPS) RWY 01;01;KORL;;,,,,,,,,,,,,,,,,,,,,,,,,,,2,,,2
05/28/23,N123AB,KORL,KORL,KORL KTIX KORL,,,,,,,0.6,0.6,,0.5833333333333334,,,,,,,,,70,,0.6,,,,,,1;RNAV (GPS) RWY 01;01;KORL;;,,,,,,,,,,,,,,,,,,,,,,,,,,1,,1,2
01/14/23,N123AB,KORL,KORL,KORL KTIX KORL,,,,,,,0.6,0.6,,,,,,,,,,,70,1.0,,,,,,,1;RNAV (GPS) RWY 01;01;KORL;;,,,,,,,,,,,,,,,,,,,,,,,,,,2,,,2
10/19/23,N123AB,KORL,KORL,KORL KMLB KORL,,,,,,,0.8,0.8,,,,,,,,,,,100,,,,,,,,,,,,,,,,,,,,,,,,,,,,,,,,,,2,,,2
06/21/23,N123AB,KORL,KORL,KORL KMLB KORL,,,,,,,0.8,0.8,,0.8,,,,,,,,,100,0.4,,,,,,,1;RNAV (GPS) RWY 01;01;KORL;;,,,,,,,,,,,,,,,,,,,,,,,,,,1,,1,2
08/11/23,N123AB,KORL,KORL,KORL KSFB KORL,,,,,,,0.2,0.2,,,,,,,,,,,20,,0.2,,,,,,1;RNAV (GPS) RWY 01;01;KORL;;,,,,,,,,,,,,,,,,,,,,,,,,,,2,,,2
05/06/23,N123AB,KORL,KORL,KORL KSFB KSSI KORL,,,,,,,2.7,2.7,,,,,,,,,,,320,1.0,2.3,,,,,,1;RNAV (GPS) RWY 01;01;KORL;;,,,,,,,,,,,,,,,,,,,,,,,,,,3,,,3
09/08/23,N456CD,KORL,KORL,KORL KSFB KORL,,,,,,,0.2,0.2,,,,,,,,,,,20,,,,,,,,,,,,,,,,,,,,,,,,,,,,,,,,,,2,,,2
08/09/23,N456CD,KORL,KORL,KORL KLEE KORL,,,,,,,0.5,0.5,,0.5,,,,,,,,,60,0.6,,,,,,,1;RNAV (GPS) RWY 01;01;KORL;;,,,,,,,,,,,,,,,,,,,,,,,,,,1,,1,2
10/19/23,N123AB,KORL,KORL,KORL KTPA KORL,,,,,,,1.2,1.2,,,,,,,,,,,140,,1.2,,,,,,1;RNAV (GPS) RWY 01;01;KORL;;,,,,,,,,,,,,,,,,,,,,,,,,,,2,,,2
03/03/23,N456CD,KORL,KORL,KORL KSFB KORL,,,,,,,0.2,0.2,,0.16666666666666666,,,,,,,,,20,,0.2,,,,,,1;RNAV (GPS) RWY 01;01;KORL;;,,,,,,,,,,,,,,,,,,,,,,,,,,1,,1,2
05/19/23,N456CD,KORL,KORL,KORL KMLB KORL,,,,,,,0.8,0.8,,,,,,,,,,,100,,0.5,,,,,,1;RNAV (GPS) RWY 01;01;KORL;;,,,,,,,,,,,,,,,,,,,,,,,,,,2,,,2
07/09/23,N456CD,KORL,KORL,KORL KDAB KORL,,,,,,,0.8,0.8,,0.7,,,,,,,,,90,,0.1,,,,,,1;RNAV (GPS) RWY 01;01;KORL;;,,,,,,,,,,,,,,,,,,,,,,,,,,1,,1,2
02/24/23,N456CD,KORL,KORL,KORL KSFB KORL,,,,,,,0.2,0.2,,,,,,,,,,,20,,0.2,,,,,,1;RNAV (GPS) RWY 01;01;KORL;;,,,,,,,,,,,,,,,,,,,,,,,,,,2,,,2
11/25/23,N123AB,KORL,KORL,KORL KSFB KORL,,,,,,,0.2,0.2,,,,,,,,,,,20,0.4,0.2,,,,,,1;RNAV (GPS) RWY 01;01;KORL;;,,,,,,,,,,,,,,,,,,,,,,,,,,2,,,2
01/27/23,N456CD,KORL,KORL,KORL KMGM KORL,,,,,,,5.0,5.0,,,,,,,,,,,600,0.9,,,,,,,1;RNAV (GPS) RWY 01;01;KORL;;,,,,,,,,,,,,,,,,,,,,,,,,,,2,,,2
08/24/23,N456CD,KORL,KORL,KORL KPGD KORL,,,,,,,1.8,1.8,,,,,,,,,,,210,,0.4,,,,,,1;RNAV (GPS) RWY 01;01;KORL;;,,,,,,,,,,,,,,,,,,,,,,,,,,2,,,2
11/15/23,N123AB,KORL,KORL,KORL KAPF KORL,,,,,,,2.3,2.3,,,,,,,,,,,280,0.7,2.3,,,,,,1;RNAV (GPS) RWY 01;01;KORL;;,,,,,,,,,,,,,,,,,,,,,,,,,,2,,,2
09/23/23,N123AB,KORL,KORL,KORL KDAB KORL,,,,,,,0.8,0.8,,,,,,,,,,,90,,0.8,,,,,,1;RNAV (GPS) RWY 01;01;KORL;;,,,,,,,,,,,,,,,,,,,,,,,,,,2,,,2
02/25/23,N123AB,KORL,KORL,KORL KSFB KORL,,,,,,,0.2,0.2,,,,,,,,,,,20,,0.2,,,,,,1;RNAV (GPS) RWY 01;01;KORL;;,,,,,,,,,,,,,,,,,,,,,,,,,,2,,,2
08/05/23,N123AB,KORL,KORL,KORL KMLB KORL,,,,,,,0.8,0.8,,,,,,,,,,,100,0.8,0.8,,,,,,1;RNAV (GPS) RWY 01;01;KORL;;,,,,,,,,,,,,,,,,,,,,,,,,,,2,,,2
06/23/23,N456CD,KORL,KORL,KORL KTPA KORL,,,,,,,1.2,1.2,,0.7,,,,,,,,,140,,1.2,,,,,,1;RNAV (GPS) RWY 01;01;KORL;;,,,,,,,,,,,,,,,,,,,,,,,,,,1,,1,2
04/08/23,N456CD,KORL,KORL,KORL KGNV KTLH KORL,,,,,,,3.2,3.2,,2.7,,,,,,,,,380,,1.1,,,,,,1;RNAV (GPS) RWY 01;01;KORL;;,,,,,,,,,,,,,,,,,,,,,,,,,,2,,1,3
03/14/23,N456CD,KORL,KORL,KORL KSFB KORL,,,,,,,0.2,0.2,,0.16666666666666666,,,,,,,,,20,,,,,,,,,,,,,,,,,,,,,,,,,,,,,,,,,,1,,1,2
09/28/23,N456CD,KORL,KORL,KORL KSRQ KORL,,,,,,,1.6,1.6,,,,,,,,,,,190,,1.4,,,,,,1;RNAV (GPS) RWY 01;01;KORL;;,,,,,,,,,,,,,,,,,,,,,,,,,,2,,,2
08/19/23,N123AB,KORL,KORL,KORL KTPA KORL,,,,,,,1.2,1.2,,0.8,,,,,,,,,140,,,,,,,,,,,,,,,,,,,,,,,,,,,,,,,,,,1,,1,2
10/16/23,N456CD,KORL,KORL,KORL KTMB KORL,,,,,,,3.1,3.1,,,,,,,,,,,370,0.5,1.5,,,,,,1;RNAV (GPS) RWY 01;01;KORL;;,,,,,,,,,,,,,,,,,,,,,,,,,,2,,,2
04/09/23,N123AB,KORL,KORL,KORL KISM KORL,,,,,,,0.2,0.2,,0.25,,,,,,,,,30,,0.2,,,,,,1;RNAV (GPS) RWY 01;01;KORL;;,,,,,,,,,,,,,,,,,,,,,,,,,,1,,1,2
09/08/23,N123AB,KORL,KORL,KORL KTPA KORL,,,,,,,1.2,1.2,,0.8,,,,,,,,,140,,,,,,,,,,,,,,,,,,,,,,,,,,,,,,,,,,1,,1,2
06/16/23,N123AB,KORL,KORL,KORL KSRQ KORL,,,,,,,1.6,1.6,,,,,,,,,,,190,0.4,1.6,,,,,,1;RNAV (GPS) RWY 01;01;KORL;;,,,,,,,,,,,,,,,,,,,,,,,,,,2,,,2
11/11/23,N456CD,KORL,KORL,KORL KPBI KORL,,,,,,,2.1,2.1,,0.9,,,,,,,,,250,,1.9,,,,,,1;RNAV (GPS) RWY 01;01;KORL;;,,,,,,,,,,,,,,,,,,,,,,,,,,1,,1,2
12/14/23,N456CD,KORL,KORL,KORL KFXE KORL,,,,,,,2.5,2.5,,,,,,,,,,,300,,1.5,,,,,,1;RNAV (GPS) RWY 01;01;KORL;;,,,,,,,,,,,,,,,,,,,,,,,,,,2,,,2
03/03/23,N123AB,KORL,KORL,KORL KTPA KORL,,,,,,,1.2,1.2,,1.1,,,,,,,,,140,,,,,,,,,,,,,,,,,,,,,,,,,,,,,,,,,,1,,1,2
01/01/24,N999ZZ,KDVT,KDVT,KDVT KIFP KDVT,,,,,,,2.7,2.7,,1.5,,,,,,,,,300,2.7,0.5,,,,,,1;RNAV (GPS) RWY 01;01;KDVT;;,,,,,,,,,,,,,,,,,,,,,,,,,,,,2,2
01/04/24,N789EF,KDVT,KDVT,KDVT KPGA KDVT,,,,,,,2.5,2.5,,,,,,,,,,,400,,,,,,,,,,,,,,,,,,,,,,,,,,,,,,,,,,2,,,2
01/08/24,N999ZZ,KDVT,KDVT,KDVT KIFP KDVT,,,,,,,2.7,2.7,,0.6,,,,,,,,,300,,,,,,,,,,,,,,,,,,,,,,,,,,,,,,,,,,,,2,2
01/11/24,N999ZZ,KDVT,KDVT,KDVT KPSP KFFZ KDVT,,,,,,,2.4,2.4,,1.0,,,,,,,,,264.0,,1.0,,,,,,1;RNAV (GPS) RWY 01;01;KDVT;;,,,,,,,,,,,,,,,,,,,,,,,,,,1,,2,3
01/15/24,N999ZZ,KDVT,KDVT,KDVT KGEU KDVT,,,,,,,0.3,0.3,,0.2727272727272727,,,,,,,,,30,,,,,,,,,,,,,,,,,,,,,,,,,,,,,,,,,,,,2,2
01/19/24,N789EF,KDVT,KDVT,KDVT KCRK KDVT,,,,,,,3.5,3.5,,,,,,,,,,,560,,0.5,,,,,,1;RNAV (GPS) RWY 01;01;KDVT;;,,,,,,,,,,,,,,,,,,,,,,,,,,2,,,2
01/22/24,N789EF,KDVT,KDVT,KDVT KSBA KDVT,,,,,,,4.8,4.8,,,,,,,,,,,760,,,,,,,,,,,,,,,,,,,,,,,,,,,,,,,,,,2,,,2
01/26/24,N999ZZ,KDVT,KDVT,KDVT KCHD KDVT,,,,,,,0.5,0.5,,0.5,,,,,,,,,60,,0.5,,,,,,1;RNAV (GPS) RWY 01;01;KDVT;;,,,,,,,,,,,,,,,,,,,,,,,,,,,,2,2
01/30/24,N789EF,KDVT,KDVT,KDVT KSAF KDVT,,,,,,,4.1,4.1,,,,,,,,,,,660,,,,,,,,,,,,,,,,,,,,,,,,,,,,,,,,,,2,,,2
02/02/24,N999ZZ,KDVT,KDVT,KDVT KGYR KDVT,,,,,,,0.4,0.4,,,,,,,,,,,40,0.4,,,,,,,1;RNAV (GPS) RWY 01;01;KDVT;;,,,,,,,,,,,,,,,,,,,,,,,,,,2,,,2
02/06/24,N789EF,KDVT,KDVT,KDVT KLGB KDVT,,,,,,,3.6,3.6,,,,,,,,,,,580,,,,,,,,,,,,,,,,,,,,,,,,,,,,,,,,,,2,,,2
02/10/24,N789EF,KDVT,KDVT,KDVT KDRO KDVT,,,,,,,4.0,4.0,,0.6,,,,,,,,,640,1.9,,,,,,,1;RNAV (GPS) RWY 01;01;KDVT;;,,,,,,,,,,,,,,,,,,,,,,,,,,,,2,2
02/13/24,N789EF,KDVT,KDVT,KDVT KGUP KDVT,,,,,,,2.2,2.2,,2.0,,,,,,,,,360,,,,,,,,,,,,,,,,,,,,,,,,,,,,,,,,,,,,2,2
02/17/24,N999ZZ,KDVT,KDVT,KDVT KFHU KDVT,,,,,,,2.5,2.5,,2.2,,,,,,,,,280,,,,,,,,,,,,,,,,,,,,,,,,,,,,,,,,,,2,,,2
02/21/24,N789EF,KDVT,KDVT,KDVT KPGA KDVT,,,,,,,2.5,2.5,,,,,,,,,,,400,,,,,,,,,,,,,,,,,,,,,,,,,,,,,,,,,,2,,,2
02/24/24,N999ZZ,KDVT,KDVT,KDVT KIFP KDVT,,,,,,,2.7,2.7,,1.6,,,,,,,,,300,,,,,,,,,,,,,,,,,,,,,,,,,,,,,,,,,,,,2,2
02/28/24,N999ZZ,KDVT,KDVT,KDVT KSDL KDVT,,,,,,,0.2,0.2,,,,,,,,,,,20,,,,,,,,,,,,,,,,,,,,,,,,,,,,,,,,,,2,,,2
03/03/24,N789EF,KDVT,KDVT,KDVT KGUP KDVT,,,,,,,2.2,2.2,,,,,,,,,,,360,,,,,,,,,,,,,,,,,,,,,,,,,,,,,,,,,,2,,,2
03/06/24,N999ZZ,KDVT,KDVT,KDVT KGYR KDVT,,,,,,,0.4,0.4,,,,,,,,,,,40,,0.4,,,,,,1;RNAV (GPS) RWY 01;01;KDVT;;,,,,,,,,,,,,,,,,,,,,,,,,,,2,,,2
03/10/24,N789EF,KDVT,KDVT,KDVT KVGT KDVT,,,,,,,2.9,2.9,,,,,,,,,,,460,,1.4,,,,,,1;RNAV (GPS) RWY 01;01;KDVT;;,,,,,,,,,,,,,,,,,,,,,,,,,,2,,,2
03/14/24,N999ZZ,KDVT,KDVT,KDVT KCHD KDVT,,,,,,,0.5,0.5,,,,,,,,,,,60,,,,,,,,,,,,,,,,,,,,,,,,,,,,,,,,,,2,,,2
03/17/24,N789EF,KDVT,KDVT,KDVT KFHU KTRM KAVQ KDVT,,,,,,,3.0,3.0,,1.1,,,,,,,,,480.0,,0.8,,,,,,1;RNAV (GPS) RWY 01;01;KDVT;;,,,,,,,,,,,,,,,,,,,,,,,,,,4,,,4
03/21/24,N999ZZ,KDVT,KDVT,KDVT KGYR KDVT,,,,,,,0.4,0.4,,,,,,,,,,,40,,0.4,,,,,,1;RNAV (GPS) RWY 01;01;KDVT;;,,,,,,,,,,,,,,,,,,,,,,,,,,2,,,2
03/24/24,N789EF,KDVT,KDVT,KDVT KSMO KDVT,,,,,,,3.8,3.8,,,,,,,,,,,610,,,,,,,,,,,,,,,,,,,,,,,,,,,,,,,,,,2,,,2
03/28/24,N999ZZ,KDVT,KDVT,KDVT KGYR KDVT,,,,,,,0.4,0.4,,,,,,,,,,,40,,,,,,,,,,,,,,,,,,,,,,,,,,,,,,,,,,2,,,2
04/01/24,N789EF,KDVT,KDVT,KDVT KPSP KDVT,,,,,,,2.5,2.5,,,,,,,,,,,400,,0.4,,,,,,1;RNAV (GPS) RWY 01;01;KDVT;;,,,,,,,,,,,,,,,,,,,,,,,,,,2,,,2
04/04/24,N789EF,KDVT,KDVT,KDVT KPGA KVNY KPSP KDVT,,,,,,,5.3,5.3,,,,,,,,,,,852.0,,,,,,,,,,,,,,,,,,,,,,,,,,,,,,,,,,4,,,4
04/08/24,N789EF,KDVT,KDVT,KDVT KCEZ KDVT,,,,,,,3.8,3.8,,,,,,,,,,,600,,,,,,,,,,,,,,,,,,,,,,,,,,,,,,,,,,2,,,2
04/12/24,N789EF,KDVT,KDVT,KDVT KSBA KDVT,,,,,,,4.8,4.8,,0.9,,,,,,,,,760,,1.4,,,,,,1;RNAV (GPS) RWY 01;01;KDVT;;,,,,,,,,,,,,,,,,,,,,,,,,,,2,,,2
04/15/24,N789EF,KDVT,KDVT,KDVT KALS KDVT,,,,,,,5.0,5.0,,,,,,,,,,,800,,0.3,,,,,,1;RNAV (GPS) RWY 01;01;KDVT;;,,,,,,,,,,,,,,,,,,,,,,,,,,2,,,2
04/19/24,N789EF,KDVT,KDVT,KDVT KALS KDVT,,,,,,,5.0,5.0,,,,,,,,,,,800,,,,,,,,,,,,,,,,,,,,,,,,,,,,,,,,,,2,,,2
04/23/24,N999ZZ,KDVT,KDVT,KDVT KCHD KDVT,,,,,,,0.5,0.5,,,,,,,,,,,60,,,,,,,,,,,,,,,,,,,,,,,,,,,,,,,,,,2,,,2
04/26/24,N999ZZ,KDVT,KDVT,KDVT KCGZ KDVT,,,,,,,0.8,0.8,,,,,,,,,,,90,,,,,,,,,,,,,,,,,,,,,,,,,,,,,,,,,,2,,,2
04/30/24,N789EF,KDVT,KDVT,KDVT KMYF KDVT,,,,,,,3.2,3.2,,,,,,,,,,,520,,,,,,,,,,,,,,,,,,,,,,,,,,,,,,,,,,2,,,2
05/04/24,N999ZZ,KDVT,KDVT,KDVT KCGZ KDVT,,,,,,,0.8,0.8,,0.8,,,,,,,,,90,,,,,,,,,,,,,,,,,,,,,,,,,,,,,,,,,,2,,,2
05/07/24,N999ZZ,KDVT,KDVT,KDVT KCGZ KDVT,,,,,,,0.8,0.8,,,,,,,,,,,90,,,,,,,,,,,,,,,,,,,,,,,,,,,,,,,,,,2,,,2
05/11/24,N789EF,KDVT,KDVT,KDVT KSAF KDVT,,,,,,,4.1,4.1,,,,,,,,,,,660,,,,,,,,,,,,,,,,,,,,,,,,,,,,,,,,,,2,,,2
05/15/24,N789EF,KDVT,KDVT,KDVT KCEZ KDVT,,,,,,,3.8,3.8,,0.8,,,,,,,,,600,,,,,,,,,,,,,,,,,,,,,,,,,,,,,,,,,,2,,,2
05/18/24,N789EF,KDVT,KDVT,KDVT KHND KDVT,,,,,,,2.6,2.6,,,,,,,,,,,420,,,,,,,,,,,,,,,,,,,,,,,,,,,,,,,,,,2,,,2
05/22/24,N789EF,KDVT,KDVT,KDVT KCEZ KDVT,,,,,,,3.8,3.8,,,,,,,,,,,600,,1.4,,,,,,1;RNAV (GPS) RWY 01;01;KDVT;;,,,,,,,,,,,,,,,,,,,,,,,,,,2,,,2
05/26/24,N789EF,KDVT,KDVT,KDVT KCRK KDVT,,,,,,,3.5,3.5,,,,,,,,,,,560,,1.1,,,,,,1;RNAV (GPS) RWY 01;01;KDVT;;,,,,,,,,,,,,,,,,,,,,,,,,,,2,,,2
05/29/24,N789EF,KDVT,KDVT,KDVT KCMA KDVT,,,,,,,4.2,4.2,,2.6,,,,,,,,,680,,0.2,,,,,,1;RNAV (GPS) RWY 01;01;KDVT;;,,,,,,,,,,,,,,,,,,,,,,,,,,2,,,2
06/02/24,N789EF,KDVT,KDVT,KDVT KPGA KDVT,,,,,,,2.5,2.5,,,,,,,,,,,400,,0.4,,,,,,1;RNAV (GPS) RWY 01;01;KDVT;;,,,,,,,,,,,,,,,,,,,,,,,,,,2,,,2
06/05/24,N789EF,KDVT,KDVT,KDVT KHND KPGA KCRK KDVT,,,,,,,5.2,5.2,,,,,,,,,,,828.0,,1.1,,,,,,1;RNAV (GPS) RWY 01;01;KDVT;;,,,,,,,,,,,,,,,,,,,,,,,,,,4,,,4
06/09/24,N999ZZ,KDVT,KDVT,KDVT KPRC KDVT,,,,,,,1.1,1.1,,,,,,,,,,,120,,,,,,,,,,,,,,,,,,,,,,,,,,,,,,,,,,2,,,2
06/13/24,N999ZZ,KDVT,KDVT,KDVT KPRC KDVT,,,,,,,1.1,1.1,,,,,,,,,,,120,,1.1,,,,,,1;RNAV (GPS) RWY 01;01;KDVT;;,,,,,,,,,,,,,,,,,,,,,,,,,,2,,,2
06/16/24,N789EF,KDVT,KDVT,KDVT KPSP KDVT,,,,,,,2.5,2.5,,,,,,,,,,,400,,,,,,,,,,,,,,,,,,,,,,,,,,,,,,,,,,2,,,2
06/20/24,N999ZZ,KDVT,KDVT,KDVT KGEU KDVT,,,,,,,0.3,0.3,,,,,,,,,,,30,,,,,,,,,,,,,,,,,,,,,,,,,,,,,,,,,,2,,,2
06/24/24,N999ZZ,KDVT,KDVT,KDVT KGEU KDVT,,,,,,,0.3,0.3,,,,,,,,,,,30,,,,,,,,,,,,,,,,,,,,,,,,,,,,,,,,,,2,,,2
06/27/24,N999ZZ,KDVT,KDVT,KDVT KCHD KSDL KDVT,,,,,,,0.4,0.4,,,,,,,,,,,48.0,,0.4,,,,,,1;RNAV (GPS) RWY 01;01;KDVT;;,,,,,,,,,,,,,,,,,,,,,,,,,,3,,,3
07/01/24,N999ZZ,KDVT,KDVT,KDVT KFHU KDVT,,,,,,,2.5,2.5,,,,,,,,,,,280,,,,,,,,,,,,,,,,,,,,,,,,,,,,,,,,,,2,,,2
07/05/24,N789EF,KDVT,KDVT,KDVT KPSP KDVT,,,,,,,2.5,2.5,,,,,,,,,,,400,,,,,,,,,,,,,,,,,,,,,,,,,,,,,,,,,,2,,,2
07/08/24,N789EF,KDVT,KDVT,KDVT KCRK KDVT,,,,,,,3.5,3.5,,,,,,,,,,,560,,,,,,,,,,,,,,,,,,,,,,,,,,,,,,,,,,2,,,2
07/12/24,N789EF,KDVT,KDVT,KDVT KCRQ KDVT,,,,,,,3.1,3.1,,1.1,,,,,,,,,500,,,,,,,,,,,,,,,,,,,,,,,,,,,,,,,,,,2,,,2
07/16/24,N789EF,KDVT,KDVT,KDVT KSEE KDVT,,,,,,,3.1,3.1,,2.8,,,,,,,,,500,,,,,,,,,,,,,,,,,,,,,,,,,,,,,,,,,,2,,,2
07/19/24,N789EF,KDVT,KDVT,KDVT KCMA KDVT,,,,,,,4.2,4.2,,,,,,,,,,,680,,,,,,,,,,,,,,,,,,,,,,,,,,,,,,,,,,2,,,2
07/23/24,N789EF,KDVT,KDVT,KDVT KSNA KDVT,,,,,,,3.5,3.5,,,,,,,,,,,560,,,,,,,,,,,,,,,,,,,,,,,,,,,,,,,,,,2,,,2
07/27/24,N789EF,KDVT,KDVT,KDVT KPGA KDVT,,,,,,,2.5,2.5,,,,,,,,,,,400,,,,,,,,,,,,,,,,,,,,,,,,,,,,,,,,,,2,,,2
07/30/24,N789EF,KDVT,KDVT,KDVT KTOA KDVT,,,,,,,3.7,3.7,,,,,,,,,,,590,,,,,,,,,,,,,,,,,,,,,,,,,,,,,,,,,,2,,,2
08/03/24,N999ZZ,KDVT,KDVT,KDVT KCGZ KDVT,,,,,,,0.8,0.8,,,,,,,,,,,90,,,,,,,,,,,,,,,,,,,,,,,,,,,,,,,,,,2,,,2
08/07/24,N789EF,KDVT,KDVT,KDVT KSAF KDVT,,,,,,,4.1,4.1,,2.9,,,,,,,,,660,,,,,,,,,,,,,,,,,,,,,,,,,,,,,,,,,,2,,,2
08/10/24,N789EF,KDVT,KDVT,KDVT KSAF KDVT,,,,,,,4.1,4.1,,,,,,,,,,,660,,,,,,,,,,,,,,,,,,,,,,,,,,,,,,,,,,2,,,2
08/14/24,N789EF,KDVT,KDVT,KDVT KCRK KDVT,,,,,,,3.5,3.5,,,,,,,,,,,560,,,,,,,,,,,,,,,,,,,,,,,,,,,,,,,,,,2,,,2
08/17/24,N999ZZ,KDVT,KDVT,KDVT KCGZ KDVT,,,,,,,0.8,0.8,,,,,,,,,,,90,,,,,,,,,,,,,,,,,,,,,,,,,,,,,,,,,,2,,,2
08/21/24,N999ZZ,KDVT,KDVT,KDVT KRYN KDVT,,,,,,,1.7,1.7,,,,,,,,,,,190,,,,,,,,,,,,,,,,,,,,,,,,,,,,,,,,,,2,,,2
08/25/24,N789EF,KDVT,KDVT,KDVT KSEE KDVT,,,,,,,3.1,3.1,,,,,,,,,,,500,,,,,,,,,,,,,,,,,,,,,,,,,,,,,,,,,,2,,,2
08/28/24,N999ZZ,KDVT,KDVT,KDVT KFFZ KDVT,,,,,,,0.4,0.4,,,,,,,,,,,40,,,,,,,,,,,,,,,,,,,,,,,,,,,,,,,,,,2,,,2
09/01/24,N789EF,KDVT,KDVT,KDVT KSBA KDVT,,,,,,,4.8,4.8,,,,,,,,,,,760,,,,,,,,,,,,,,,,,,,,,,,,,,,,,,,,,,2,,,2
09/05/24,N999ZZ,KDVT,KDVT,KDVT KCGZ KDVT,,,,,,,0.8,0.8,,,,,,,,,,,90,,,,,,,,,,,,,,,,,,,,,,,,,,,,,,,,,,2,,,2
09/08/24,N789EF,KDVT,KDVT,KDVT KHND KDVT,,,,,,,2.6,2.6,,,,,,,,,,,420,,,,,,,,,,,,,,,,,,,,,,,,,,,,,,,,,,2,,,2
09/12/24,N999ZZ,KDVT,KDVT,KDVT KAVQ KDVT,,,,,,,1.5,1.5,,,,,,,,,,,160,,1.4,,,,,,1;RNAV (GPS) RWY 01;01;KDVT;;,,,,,,,,,,,,,,,,,,,,,,,,,,2,,,2
09/16/24,N789EF,KDVT,KDVT,KDVT KGUP KDVT,,,,,,,2.2,2.2,,,,,,,,,,,360,,,,,,,,,,,,,,,,,,,,,,,,,,,,,,,,,,2,,,2
09/19/24,N999ZZ,KDVT,KDVT,KDVT KFLG KDVT,,,,,,,1.8,1.8,,,,,,,,,,,200,,,,,,,,,,,,,,,,,,,,,,,,,,,,,,,,,,2,,,2
09/23/24,N789EF,KDVT,KDVT,KDVT KMYF KDVT,,,,,,,3.2,3.2,,,,,,,,,,,520,,,,,,,,,,,,,,,,,,,,,,,,,,,,,,,,,,2,,,2
09/27/24,N789EF,KDVT,KDVT,KDVT KRNM KDVT,,,,,,,2.9,2.9,,,,,,,,,,,460,,,,,,,,,,,,,,,,,,,,,,,,,,,,,,,,,,2,,,2
09/30/24,N999ZZ,KDVT,KDVT,KDVT KGEU KDVT,,,,,,,0.3,0.3,,,,,,,,,,,30,,,,,,,,,,,,,,,,,,,,,,,,,,,,,,,,,,2,,,2
10/04/24,N789EF,KDVT,KDVT,KDVT KRNM KDVT,,,,,,,2.9,2.9,,,,,,,,,,,460,,,,,,,,,,,,,,,,,,,,,,,,,,,,,,,,,,2,,,2
10/08/24,N789EF,KDVT,KDVT,KDVT KMYF KDVT,,,,,,,3.2,3.2,,,,,,,,,,,520,,,,,,,,,,,,,,,,,,,,,,,,,,,,,,,,,,2,,,2
10/11/24,N789EF,KDVT,KDVT,KDVT KHND KDVT,,,,,,,2.6,2.6,,2.5,,,,,,,,,420,,1.3,,,,,,1;RNAV (GPS) RWY 01;01;KDVT;;,,,,,,,,,,,,,,,,,,,,,,,,,,2,,,2
10/15/24,N789EF,KDVT,KDVT,KDVT KCRK KRNM KPSP KDVT,,,,,,,5.3,5.3,,,,,,,,,,,852.0,,,,,,,,,,,,,,,,,,,,,,,,,,,,,,,,,,4,,,4
10/19/24,N789EF,KDVT,KDVT,KDVT KSBA KDVT,,,,,,,4.8,4.8,,,,,,,,,,,760,,,,,,,,,,,,,,,,,,,,,,,,,,,,,,,,,,2,,,2
10/22/24,N789EF,KDVT,KDVT,KDVT KLGB KDVT,,,,,,,3.6,3.6,,,,,,,,,,,580,,,,,,,,,,,,,,,,,,,,,,,,,,,,,,,,,,2,,,2
10/26/24,N789EF,KDVT,KDVT,KDVT KIFP KHND KDVT,,,,,,,2.7,2.7,,0.6,,,,,,,,,432.0,,1.0,,,,,,1;RNAV (GPS) RWY 01;01;KDVT;;,,,,,,,,,,,,,,,,,,,,,,,,,,3,,,3
10/29/24,N999ZZ,KDVT,KDVT,KDVT KIFP KDVT,,,,,,,2.7,2.7,,,,,,,,,,,300,,,,,,,,,,,,,,,,,,,,,,,,,,,,,,,,,,2,,,2
11/02/24,N999ZZ,KDVT,KDVT,KDVT KSDL KDVT,,,,,,,0.2,0.2,,,,,,,,,,,20,,,,,,,,,,,,,,,,,,,,,,,,,,,,,,,,,,2,,,2
11/06/24,N999ZZ,KDVT,KDVT,KDVT KCHD KDVT,,,,,,,0.5,0.5,,,,,,,,,,,60,,,,,,,,,,,,,,,,,,,,,,,,,,,,,,,,,,2,,,2
11/09/24,N789EF,KDVT,KDVT,KDVT KPSP KCRQ KDVT,,,,,,,3.4,3.4,,,,,,,,,,,540.0,,,,,,,,,,,,,,,,,,,,,,,,,,,,,,,,,,3,,,3
11/13/24,N789EF,KDVT,KDVT,KDVT KHND KDVT,,,,,,,2.6,2.6,,,,,,,,,,,420,,,,,,,,,,,,,,,,,,,,,,,,,,,,,,,,,,2,,,2
11/17/24,N789EF,KDVT,KDVT,KDVT KVNY KDVT,,,,,,,3.9,3.9,,,,,,,,,,,620,,,,,,,,,,,,,,,,,,,,,,,,,,,,,,,,,,2,,,2
11/20/24,N789EF,KDVT,KDVT,KDVT KSBA KDVT,,,,,,,4.8,4.8,,,,,,,,,,,760,,,,,,,,,,,,,,,,,,,,,,,,,,,,,,,,,,2,,,2
11/24/24,N789EF,KDVT,KDVT,KDVT KLGB KDVT,,,,,,,3.6,3.6,,,,,,,,,,,580,,,,,,,,,,,,,,,,,,,,,,,,,,,,,,,,,,2,,,2
11/28/24,N999ZZ,KDVT,KDVT,KDVT KFFZ KDVT,,,,,,,0.4,0.4,,,,,,,,,,,40,,,,,,,,,,,,,,,,,,,,,,,,,,,,,,,,,,2,,,2
12/01/24,N999ZZ,KDVT,KDVT,KDVT KFLG KDVT,,,,,,,1.8,1.8,,,,,,,,,,,200,,,,,,,,,,,,,,,,,,,,,,,,,,,,,,,,,,2,,,2
12/05/24,N999ZZ,KDVT,KDVT,KDVT KFHU KDVT,,,,,,,2.5,2.5,,,,,,,,,,,280,,0.3,,,,,,1;RNAV (GPS) RWY 01;01;KDVT;;,,,,,,,,,,,,,,,,,,,,,,,,,,2,,,2
12/09/24,N789EF,KDVT,KDVT,KDVT KGUP KDVT,,,,,,,2.2,2.2,,,,,,,,,,,360,,1.5,,,,,,1;RNAV (GPS) RWY 01;01;KDVT;;,,,,,,,,,,,,,,,,,,,,,,,,,,2,,,2
12/12/24,N789EF,KDVT,KDVT,KDVT KVNY KDVT,,,,,,,3.9,3.9,,,,,,,,,,,620,,,,,,,,,,,,,,,,,,,,,,,,,,,,,,,,,,2,,,2
12/16/24,N789EF,KDVT,KDVT,KDVT KVNY KDVT,,,,,,,3.9,3.9,,1.7,,,,,,,,,620,,,,,,,,,,,,,,,,,,,,,,,,,,,,,,,,,,2,,,2
12/20/24,N789EF,KDVT,KDVT,KDVT KSBA KDVT,,,,,,,4.8,4.8,,,,,,,,,,,760,,,,,,,,,,,,,,,,,,,,,,,,,,,,,,,,,,2,,,2
12/23/24,N789EF,KDVT,KDVT,KDVT KSAF KDVT,,,,,,,4.1,4.1,,,,,,,,,,,660,,,,,,,,,,,,,,,,,,,,,,,,,,,,,,,,,,2,,,2
12/27/24,N789EF,KDVT,KDVT,KDVT KPGA KDVT,,,,,,,2.5,2.5,,,,,,,,,,,400,,,,,,,,,,,,,,,,,,,,,,,,,,,,,,,,,,2,,,2
01/01/25,N789EF,KDVT,KDVT,KDVT KCRK KDVT,,,,,,,3.5,3.5,,1.8,,,,,,,,,560,,,,,,,,,,,,,,,,,,,,,,,,,,,,,,,,,,,,2,2
01/04/25,N789EF,KDVT,KDVT,KDVT KCRQ KDVT,,,,,,,3.1,3.1,,1.2,,,,,,,,,500,,0.8,,,,,,1;RNAV (GPS) RWY 01;01;KDVT;;,,,,,,,,,,,,,,,,,,,,,,,,,,2,,,2
01/07/25,N999ZZ,KDVT,KDVT,KDVT KOLS KDVT,,,,,,,2.2,2.2,,,,,,,,,,,240,,,,,,,,,,,,,,,,,,,,,,,,,,,,,,,,,,2,,,2
01/10/25,N789EF,KDVT,KDVT,KDVT KCRQ KDVT,,,,,,,3.1,3.1,,1.3,,,,,,,,,500,,,,,,,,,,,,,,,,,,,,,,,,,,,,,,,,,,2,,,2
01/14/25,N789EF,KDVT,KDVT,KDVT KVGT KDVT,,,,,,,2.9,2.9,,2.5,,,,,,,,,460,2.9,,,,,,,1;RNAV (GPS) RWY 01;01;KDVT;;,,,,,,,,,,,,,,,,,,,,,,,,,,,,2,2
01/17/25,N789EF,KDVT,KDVT,KDVT KRNM KDVT,,,,,,,2.9,2.9,,1.1,,,,,,,,,460,,,,,,,,,,,,,,,,,,,,,,,,,,,,,,,,,,2,,,2
01/20/25,N789EF,KDVT,KDVT,KDVT KCRQ KDVT,,,,,,,3.1,3.1,,,,,,,,,,,500,3.1,0.6,,,,,,1;RNAV (GPS) RWY 01;01;KDVT;;,,,,,,,,,,,,,,,,,,,,,,,,,,2,,,2
01/24/25,N789EF,KDVT,KDVT,KDVT KPSP KDVT,,,,,,,2.5,2.5,,1.4,,,,,,,,,400,,,,,,,,,,,,,,,,,,,,,,,,,,,,,,,,,,,,2,2
01/27/25,N789EF,KDVT,KDVT,KDVT KABQ KDVT,,,,,,,3.5,3.5,,,,,,,,,,,560,2.0,,,,,,,1;RNAV (GPS) RWY 01;01;KDVT;;,,,,,,,,,,,,,,,,,,,,,,,,,,2,,,2
01/30/25,N999ZZ,KDVT,KDVT,KDVT KRYN KDVT,,,,,,,1.7,1.7,,,,,,,,,,,190,,,,,,,,,,,,,,,,,,,,,,,,,,,,,,,,,,2,,,2
02/03/25,N999ZZ,KDVT,KDVT,KDVT KIFP KDVT,,,,,,,2.7,2.7,,,,,,,,,,,300,,,,,,,,,,,,,,,,,,,,,,,,,,,,,,,,,,2,,,2
02/06/25,N789EF,KDVT,KDVT,KDVT KCRK KDVT,,,,,,,3.5,3.5,,1.2,,,,,,,,,560,,,,,,,,,,,,,,,,,,,,,,,,,,,,,,,,,,2,,,2
02/09/25,N789EF,KDVT,KDVT,KDVT KPRC KPGA KDVT,,,,,,,1.9,1.9,,,,,,,,,,,312.0,,,,,,,,,,,,,,,,,,,,,,,,,,,,,,,,,,3,,,3
02/13/25,N789EF,KDVT,KDVT,KDVT KMYF KDVT,,,,,,,3.2,3.2,,2.2,,,,,,,,,520,,,,,,,,,,,,,,,,,,,,,,,,,,,,,,,,,,,,2,2
02/16/25,N999ZZ,KDVT,KDVT,KDVT KIFP KDVT,,,,,,,2.7,2.7,,,,,,,,,,,300,,,,,,,,,,,,,,,,,,,,,,,,,,,,,,,,,,2,,,2
02/19/25,N789EF,KDVT,KDVT,KDVT KTRM KDVT,,,,,,,2.2,2.2,,,,,,,,,,,360,,,,,,,,,,,,,,,,,,,,,,,,,,,,,,,,,,2,,,2
02/23/25,N789EF,KDVT,KDVT,KDVT KCRQ KDVT,,,,,,,3.1,3.1,,1.7,,,,,,,,,500,,,,,,,,,,,,,,,,,,,,,,,,,,,,,,,,,,2,,,2
02/26/25,N999ZZ,KDVT,KDVT,KDVT KGYR KDVT,,,,,,,0.4,0.4,,0.36363636363636365,,,,,,,,,40,,,,,,,,,,,,,,,,,,,,,,,,,,,,,,,,,,,,2,2
03/01/25,N789EF,KDVT,KDVT,KDVT KALS KDVT,,,,,,,5.0,5.0,,4.0,,,,,,,,,800,,,,,,,,,,,,,,,,,,,,,,,,,,,,,,,,,,,,2,2
03/05/25,N999ZZ,KDVT,KDVT,KDVT KPGA KGYR KDVT,,,,,,,2.4,2.4,,,,,,,,,,,264.0,,,,,,,,,,,,,,,,,,,,,,,,,,,,,,,,,,3,,,3
03/08/25,N999ZZ,KDVT,KDVT,KDVT KCHD KDVT,,,,,,,0.5,0.5,,,,,,,,,,,60,,,,,,,,,,,,,,,,,,,,,,,,,,,,,,,,,,2,,,2
03/11/25,N789EF,KDVT,KDVT,KDVT KDRO KDVT,,,,,,,4.0,4.0,,,,,,,,,,,640,,,,,,,,,,,,,,,,,,,,,,,,,,,,,,,,,,2,,,2
03/15/25,N789EF,KDVT,KDVT,KDVT KLAS KDVT,,,,,,,2.8,2.8,,2.0,,,,,,,,,440,,,,,,,,,,,,,,,,,,,,,,,,,,,,,,,,,,,,2,2
03/18/25,N999ZZ,KDVT,KDVT,KDVT KRYN KDVT,,,,,,,1.7,1.7,,,,,,,,,,,190,,,,,,,,,,,,,,,,,,,,,,,,,,,,,,,,,,2,,,2
03/21/25,N789EF,KDVT,KDVT,KDVT KSNA KDVT,,,,,,,3.5,3.5,,,,,,,,,,,560,,0.7,,,,,,1;RNAV (GPS) RWY 01;01;KDVT;;,,,,,,,,,,,,,,,,,,,,,,,,,,2,,,2
03/24/25,N789EF,KDVT,KDVT,KDVT KALS KVNY KDVT,,,,,,,5.3,5.3,,,,,,,,,,,852.0,,0.9,,,,,,1;RNAV (GPS) RWY 01;01;KDVT;;,,,,,,,,,,,,,,,,,,,,,,,,,,3,,,3
03/28/25,N789EF,KDVT,KDVT,KDVT KPGA KDVT,,,,,,,2.5,2.5,,,,,,,,,,,400,,,,,,,,,,,,,,,,,,,,,,,,,,,,,,,,,,2,,,2
03/31/25,N789EF,KDVT,KDVT,KDVT KABQ KDVT,,,,,,,3.5,3.5,,2.9,,,,,,,,,560,,,,,,,,,,,,,,,,,,,,,,,,,,,,,,,,,,2,,,2
04/03/25,N999ZZ,KDVT,KDVT,KDVT KSEZ KDVT,,,,,,,1.5,1.5,,,,,,,,,,,160,,0.7,,,,,,1;RNAV (GPS) RWY 01;01;KDVT;;,,,,,,,,,,,,,,,,,,,,,,,,,,2,,,2
04/07/25,N999ZZ,KDVT,KDVT,KDVT KFFZ KDVT,,,,,,,0.4,0.4,,0.36363636363636365,,,,,,,,,40,,0.4,,,,,,1;RNAV (GPS) RWY 01;01;KDVT;;,,,,,,,,,,,,,,,,,,,,,,,,,,2,,,2
04/10/25,N789EF,KDVT,KDVT,KDVT KLRU KDVT,,,,,,,2.5,2.5,,,,,,,,,,,400,,,,,,,,,,,,,,,,,,,,,,,,,,,,,,,,,,2,,,2
04/13/25,N789EF,KDVT,KDVT,KDVT KGUP KDVT,,,,,,,2.2,2.2,,,,,,,,,,,360,,,,,,,,,,,,,,,,,,,,,,,,,,,,,,,,,,2,,,2
04/17/25,N789EF,KDVT,KDVT,KDVT KLRU KDVT,,,,,,,2.5,2.5,,,,,,,,,,,400,,0.6,,,,,,1;RNAV (GPS) RWY 01;01;KDVT;;,,,,,,,,,,,,,,,,,,,,,,,,,,2,,,2
04/20/25,N789EF,KDVT,KDVT,KDVT KDRO KDVT,,,,,,,4.0,4.0,,,,,,,,,,,640,,0.7,,,,,,1;RNAV (GPS) RWY 01;01;KDVT;;,,,,,,,,,,,,,,,,,,,,,,,,,,2,,,2
04/23/25,N999ZZ,KDVT,KDVT,KDVT KOLS KDVT,,,,,,,2.2,2.2,,,,,,,,,,,240,,1.3,,,,,,1;RNAV (GPS) RWY 01;01;KDVT;;,,,,,,,,,,,,,,,,,,,,,,,,,,2,,,2
04/27/25,N789EF,KDVT,KDVT,KDVT KLRU KDVT,,,,,,,2.5,2.5,,,,,,,,,,,400,,0.2,,,,,,1;RNAV (GPS) RWY 01;01;KDVT;;,,,,,,,,,,,,,,,,,,,,,,,,,,2,,,2
04/30/25,N999ZZ,KDVT,KDVT,KDVT KGYR KDVT,,,,,,,0.4,0.4,,0.36363636363636365,,,,,,,,,40,,,,,,,,,,,,,,,,,,,,,,,,,,,,,,,,,,2,,,2
05/03/25,N789EF,KDVT,KDVT,KDVT KABQ KDVT,,,,,,,3.5,3.5,,,,,,,,,,,560,,,,,,,,,,,,,,,,,,,,,,,,,,,,,,,,,,2,,,2
05/07/25,N999ZZ,KDVT,KDVT,KDVT KOLS KDVT,,,,,,,2.2,2.2,,,,,,,,,,,240,,,,,,,,,,,,,,,,,,,,,,,,,,,,,,,,,,2,,,2
05/10/25,N789EF,KDVT,KDVT,KDVT KTOA KPRC KDVT,,,,,,,2.7,2.7,,,,,,,,,,,426.0,,,,,,,,,,,,,,,,,,,,,,,,,,,,,,,,,,3,,,3
05/13/25,N789EF,KDVT,KDVT,KDVT KCMA KDVT,,,,,,,4.2,4.2,,,,,,,,,,,680,,0.2,,,,,,1;RNAV (GPS) RWY 01;01;KDVT;;,,,,,,,,,,,,,,,,,,,,,,,,,,2,,,2
05/17/25,N789EF,KDVT,KDVT,KDVT KABQ KDVT,,,,,,,3.5,3.5,,2.2,,,,,,,,,560,,,,,,,,,,,,,,,,,,,,,,,,,,,,,,,,,,2,,,2
05/20/25,N789EF,KDVT,KDVT,KDVT KCMA KDVT,,,,,,,4.2,4.2,,3.3,,,,,,,,,680,,,,,,,,,,,,,,,,,,,,,,,,,,,,,,,,,,2,,,2
05/23/25,N789EF,KDVT,KDVT,KDVT KVNY KDVT,,,,,,,3.9,3.9,,,,,,,,,,,620,,,,,,,,,,,,,,,,,,,,,,,,,,,,,,,,,,2,,,2
05/27/25,N789EF,KDVT,KDVT,KDVT KABQ KDVT,,,,,,,3.5,3.5,,,,,,,,,,,560,,,,,,,,,,,,,,,,,,,,,,,,,,,,,,,,,,2,,,2
05/30/25,N789EF,KDVT,KDVT,KDVT KABQ KDVT,,,,,,,3.5,3.5,,,,,,,,,,,560,,0.9,,,,,,1;RNAV (GPS) RWY 01;01;KDVT;;,,,,,,,,,,,,,,,,,,,,,,,,,,2,,,2
06/02/25,N789EF,KDVT,KDVT,KDVT KABQ KDVT,,,,,,,3.5,3.5,,,,,,,,,,,560,,,,,,,,,,,,,,,,,,,,,,,,,,,,,,,,,,2,,,2
06/05/25,N789EF,KDVT,KDVT,KDVT KRNM KDVT,,,,,,,2.9,2.9,,,,,,,,,,,460,,1.2,,,,,,1;RNAV (GPS) RWY 01;01;KDVT;;,,,,,,,,,,,,,,,,,,,,,,,,,,2,,,2
06/09/25,N789EF,KDVT,KDVT,KDVT KALS KDVT,,,,,,,5.0,5.0,,,,,,,,,,,800,,,,,,,,,,,,,,,,,,,,,,,,,,,,,,,,,,2,,,2
06/12/25,N789EF,KDVT,KDVT,KDVT KLAS KDVT,,,,,,,2.8,2.8,,1.0,,,,,,,,,440,,,,,,,,,,,,,,,,,,,,,,,,,,,,,,,,,,2,,,2
06/15/25,N999ZZ,KDVT,KDVT,KDVT KTUS KDVT,,,,,,,1.7,1.7,,1.5,,,,,,,,,190,,,,,,,,,,,,,,,,,,,,,,,,,,,,,,,,,,2,,,2
06/19/25,N789EF,KDVT,KDVT,KDVT KCRK KDVT,,,,,,,3.5,3.5,,,,,,,,,,,560,,0.8,,,,,,1;RNAV (GPS) RWY 01;01;KDVT;;,,,,,,,,,,,,,,,,,,,,,,,,,,2,,,2
06/22/25,N789EF,KDVT,KDVT,KDVT KHND KDVT,,,,,,,2.6,2.6,,,,,,,,,,,420,,,,,,,,,,,,,,,,,,,,,,,,,,,,,,,,,,2,,,2
06/25/25,N789EF,KDVT,KDVT,KDVT KPGA KDVT,,,,,,,2.5,2.5,,,,,,,,,,,400,,1.0,,,,,,1;RNAV (GPS) RWY 01;01;KDVT;;,,,,,,,,,,,,,,,,,,,,,,,,,,2,,,2
06/29/25,N999ZZ,KDVT,KDVT,KDVT KGEU KDVT,,,,,,,0.3,0.3,,0.2727272727272727,,,,,,,,,30,,,,,,,,,,,,,,,,,,,,,,,,,,,,,,,,,,2,,,2
07/02/25,N789EF,KDVT,KDVT,KDVT KABQ KDVT,,,,,,,3.5,3.5,,,,,,,,,,,560,,,,,,,,,,,,,,,,,,,,,,,,,,,,,,,,,,2,,,2
07/05/25,N789EF,KDVT,KDVT,KDVT KMYF KDVT,,,,,,,3.2,3.2,,,,,,,,,,,520,,,,,,,,,,,,,,,,,,,,,,,,,,,,,,,,,,2,,,2
07/09/25,N789EF,KDVT,KDVT,KDVT KDRO KDVT,,,,,,,4.0,4.0,,,,,,,,,,,640,,0.3,,,,,,1;RNAV (GPS) RWY 01;01;KDVT;;,,,,,,,,,,,,,,,,,,,,,,,,,,2,,,2
07/12/25,N789EF,KDVT,KDVT,KDVT KRNM KSEZ KGEU KDVT,,,,,,,2.4,2.4,,0.7,,,,,,,,,390.0,,1.4,,,,,,1;RNAV (GPS) RWY 01;01;KDVT;;,,,,,,,,,,,,,,,,,,,,,,,,,,4,,,4
07/15/25,N789EF,KDVT,KDVT,KDVT KALS KDVT,,,,,,,5.0,5.0,,,,,,,,,,,800,,,,,,,,,,,,,,,,,,,,,,,,,,,,,,,,,,2,,,2
07/19/25,N789EF,KDVT,KDVT,KDVT KCRK KDVT,,,,,,,3.5,3.5,,,,,,,,,,,560,,,,,,,,,,,,,,,,,,,,,,,,,,,,,,,,,,2,,,2
07/22/25,N999ZZ,KDVT,KDVT,KDVT KFFZ KDVT,,,,,,,0.4,0.4,,,,,,,,,,,40,,,,,,,,,,,,,,,,,,,,,,,,,,,,,,,,,,2,,,2
07/25/25,N999ZZ,KDVT,KDVT,KDVT KGYR KDVT,,,,,,,0.4,0.4,,,,,,,,,,,40,,,,,,,,,,,,,,,,,,,,,,,,,,,,,,,,,,2,,,2
07/29/25,N999ZZ,KDVT,KDVT,KDVT KGYR KDVT,,,,,,,0.4,0.4,,,,,,,,,,,40,,,,,,,,,,,,,,,,,,,,,,,,,,,,,,,,,,2,,,2
08/01/25,N789EF,KDVT,KDVT,KDVT KLRU KDVT,,,,,,,2.5,2.5,,,,,,,,,,,400,,,,,,,,,,,,,,,,,,,,,,,,,,,,,,,,,,2,,,2
08/04/25,N789EF,KDVT,KDVT,KDVT KLAS KDVT,,,,,,,2.8,2.8,,,,,,,,,,,440,,,,,,,,,,,,,,,,,,,,,,,,,,,,,,,,,,2,,,2
08/08/25,N789EF,KDVT,KDVT,KDVT KDRO KDVT,,,,,,,4.0,4.0,,,,,,,,,,,640,,,,,,,,,,,,,,,,,,,,,,,,,,,,,,,,,,2,,,2
08/11/25,N789EF,KDVT,KDVT,KDVT KSNA KDVT,,,,,,,3.5,3.5,,1.4,,,,,,,,,560,,,,,,,,,,,,,,,,,,,,,,,,,,,,,,,,,,2,,,2
08/14/25,N789EF,KDVT,KDVT,KDVT KTOA KDVT,,,,,,,3.7,3.7,,,,,,,,,,,590,,,,,,,,,,,,,,,,,,,,,,,,,,,,,,,,,,2,,,2
08/17/25,N789EF,KDVT,KDVT,KDVT KALS KDVT,,,,,,,5.0,5.0,,,,,,,,,,,800,,0.3,,,,,,1;RNAV (GPS) RWY 01;01;KDVT;;,,,,,,,,,,,,,,,,,,,,,,,,,,2,,,2
08/21/25,N999ZZ,KDVT,KDVT,KDVT KSEZ KDVT,,,,,,,1.5,1.5,,,,,,,,,,,160,,,,,,,,,,,,,,,,,,,,,,,,,,,,,,,,,,2,,,2
08/24/25,N789EF,KDVT,KDVT,KDVT KCEZ KSNA KDVT,,,,,,,4.3,4.3,,,,,,,,,,,696.0,,0.2,,,,,,1;RNAV (GPS) RWY 01;01;KDVT;;,,,,,,,,,,,,,,,,,,,,,,,,,,3,,,3
08/27/25,N999ZZ,KDVT,KDVT,KDVT KCHD KDVT,,,,,,,0.5,0.5,,,,,,,,,,,60,,,,,,,,,,,,,,,,,,,,,,,,,,,,,,,,,,2,,,2
08/31/25,N789EF,KDVT,KDVT,KDVT KPSP KDVT,,,,,,,2.5,2.5,,,,,,,,,,,400,,,,,,,,,,,,,,,,,,,,,,,,,,,,,,,,,,2,,,2
09/03/25,N999ZZ,KDVT,KDVT,KDVT KINW KDVT,,,,,,,2.2,2.2,,,,,,,,,,,240,,,,,,,,,,,,,,,,,,,,,,,,,,,,,,,,,,2,,,2
09/06/25,N789EF,KDVT,KDVT,KDVT KLAS KDVT,,,,,,,2.8,2.8,,,,,,,,,,,440,,,,,,,,,,,,,,,,,,,,,,,,,,,,,,,,,,2,,,2
09/10/25,N789EF,KDVT,KDVT,KDVT KGUP KDVT,,,,,,,2.2,2.2,,,,,,,,,,,360,,,,,,,,,,,,,,,,,,,,,,,,,,,,,,,,,,2,,,2
09/13/25,N789EF,KDVT,KDVT,KDVT KCRQ KDVT,,,,,,,3.1,3.1,,,,,,,,,,,500,,1.3,,,,,,1;RNAV (GPS) RWY 01;01;KDVT;;,,,,,,,,,,,,,,,,,,,,,,,,,,2,,,2
09/16/25,N789EF,KDVT,KDVT,KDVT KPGA KDVT,,,,,,,2.5,2.5,,,,,,,,,,,400,,,,,,,,,,,,,,,,,,,,,,,,,,,,,,,,,,2,,,2
09/20/25,N789EF,KDVT,KDVT,KDVT KMYF KDVT,,,,,,,3.2,3.2,,,,,,,,,,,520,,,,,,,,,,,,,,,,,,,,,,,,,,,,,,,,,,2,,,2
09/23/25,N999ZZ,KDVT,KDVT,KDVT KGYR KDVT,,,,,,,0.4,0.4,,,,,,,,,,,40,,0.4,,,,,,1;RNAV (GPS) RWY 01;01;KDVT;;,,,,,,,,,,,,,,,,,,,,,,,,,,2,,,2
09/26/25,N789EF,KDVT,KDVT,KDVT KDRO KDVT,,,,,,,4.0,4.0,,,,,,,,,,,640,,,,,,,,,,,,,,,,,,,,,,,,,,,,,,,,,,2,,,2
09/30/25,N789EF,KDVT,KDVT,KDVT KSNA KDVT,,,,,,,3.5,3.5,,2.0,,,,,,,,,560,,,,,,,,,,,,,,,,,,,,,,,,,,,,,,,,,,2,,,2
10/03/25,N789EF,KDVT,KDVT,KDVT KALS KDVT,,,,,,,5.0,5.0,,,,,,,,,,,800,,,,,,,,,,,,,,,,,,,,,,,,,,,,,,,,,,2,,,2
10/06/25,N789EF,KDVT,KDVT,KDVT KRNM KDVT,,,,,,,2.9,2.9,,,,,,,,,,,460,,1.1,,,,,,1;RNAV (GPS) RWY 01;01;KDVT;;,,,,,,,,,,,,,,,,,,,,,,,,,,2,,,2
10/10/25,N789EF,KDVT,KDVT,KDVT KLGB KLRU KRNM KDVT,,,,,,,5.4,5.4,,,,,,,,,,,864.0,,,,,,,,,,,,,,,,,,,,,,,,,,,,,,,,,,4,,,4
10/13/25,N789EF,KDVT,KDVT,KDVT KCMA KDVT,,,,,,,4.2,4.2,,,,,,,,,,,680,,,,,,,,,,,,,,,,,,,,,,,,,,,,,,,,,,2,,,2
10/16/25,N789EF,KDVT,KDVT,KDVT KTOA KDVT,,,,,,,3.7,3.7,,,,,,,,,,,590,,0.8,,,,,,1;RNAV (GPS) RWY 01;01;KDVT;;,,,,,,,,,,,,,,,,,,,,,,,,,,2,,,2
10/20/25,N789EF,KDVT,KDVT,KDVT KTRM KDVT,,,,,,,2.2,2.2,,,,,,,,,,,360,,0.8,,,,,,1;RNAV (GPS) RWY 01;01;KDVT;;,,,,,,,,,,,,,,,,,,,,,,,,,,2,,,2
10/23/25,N789EF,KDVT,KDVT,KDVT KALS KDVT,,,,,,,5.0,5.0,,,,,,,,,,,800,,1.3,,,,,,1;RNAV (GPS) RWY 01;01;KDVT;;,,,,,,,,,,,,,,,,,,,,,,,,,,2,,,2
10/26/25,N999ZZ,KDVT,KDVT,KDVT KINW KDVT,,,,,,,2.2,2.2,,1.6,,,,,,,,,240,,0.2,,,,,,1;RNAV (GPS) RWY 01;01;KDVT;;,,,,,,,,,,,,,,,,,,,,,,,,,,2,,,2
10/29/25,N789EF,KDVT,KDVT,KDVT KTRM KDVT,,,,,,,2.2,2.2,,,,,,,,,,,360,,,,,,,,,,,,,,,,,,,,,,,,,,,,,,,,,,2,,,2
11/02/25,N999ZZ,KDVT,KDVT,KDVT KSEZ KDVT,,,,,,,1.5,1.5,,1.1,,,,,,,,,160,,,,,,,,,,,,,,,,,,,,,,,,,,,,,,,,,,2,,,2
11/05/25,N789EF,KDVT,KDVT,KDVT KDRO KDVT,,,,,,,4.0,4.0,,0.7,,,,,,,,,640,,,,,,,,,,,,,,,,,,,,,,,,,,,,,,,,,,2,,,2
11/08/25,N789EF,KDVT,KDVT,KDVT KCEZ KDVT,,,,,,,3.8,3.8,,,,,,,,,,,600,,,,,,,,,,,,,,,,,,,,,,,,,,,,,,,,,,2,,,2
11/12/25,N789EF,KDVT,KDVT,KDVT KRNM KDVT,,,,,,,2.9,2.9,,,,,,,,,,,460,,,,,,,,,,,,,,,,,,,,,,,,,,,,,,,,,,2,,,2
11/15/25,N789EF,KDVT,KDVT,KDVT KMYF KDVT,,,,,,,3.2,3.2,,2.6,,,,,,,,,520,,,,,,,,,,,,,,,,,,,,,,,,,,,,,,,,,,2,,,2
11/18/25,N789EF,KDVT,KDVT,KDVT KABQ KDVT,,,,,,,3.5,3.5,,,,,,,,,,,560,,,,,,,,,,,,,,,,,,,,,,,,,,,,,,,,,,2,,,2
11/22/25,N789EF,KDVT,KDVT,KDVT KDRO KDVT,,,,,,,4.0,4.0,,3.0,,,,,,,,,640,,,,,,,,,,,,,,,,,,,,,,,,,,,,,,,,,,2,,,2
11/25/25,N789EF,KDVT,KDVT,KDVT KMYF KDVT,,,,,,,3.2,3.2,,,,,,,,,,,520,,,,,,,,,,,,,,,,,,,,,,,,,,,,,,,,,,2,,,2
11/28/25,N789EF,KDVT,KDVT,KDVT KCMA KDVT,,,,,,,4.2,4.2,,,,,,,,,,,680,,,,,,,,,,,,,,,,,,,,,,,,,,,,,,,,,,2,,,2
12/02/25,N789EF,KDVT,KDVT,KDVT KPSP KDVT,,,,,,,2.5,2.5,,0.6,,,,,,,,,400,,1.0,,,,,,1;RNAV (GPS) RWY 01;01;KDVT;;,,,,,,,,,,,,,,,,,,,,,,,,,,2,,,2
12/05/25,N999ZZ,KDVT,KDVT,KDVT KPRC KDVT,,,,,,,1.1,1.1,,0.8,,,,,,,,,120,,0.4,,,,,,1;RNAV (GPS) RWY 01;01;KDVT;;,,,,,,,,,,,,,,,,,,,,,,,,,,2,,,2
12/08/25,N789EF,KDVT,KDVT,KDVT KGUP KDVT,,,,,,,2.2,2.2,,,,,,,,,,,360,,,,,,,,,,,,,,,,,,,,,,,,,,,,,,,,,,2,,,2
12/12/25,N789EF,KDVT,KDVT,KDVT KPSP KDVT,,,,,,,2.5,2.5,,,,,,,,,,,400,,,,,,,,,,,,,,,,,,,,,,,,,,,,,,,,,,2,,,2
12/15/25,N789EF,KDVT,KDVT,KDVT KRNM KDVT,,,,,,,2.9,2.9,,,,,,,,,,,460,,0.9,,,,,,1;RNAV (GPS) RWY 01;01;KDVT;;,,,,,,,,,,,,,,,,,,,,,,,,,,2,,,2
12/18/25,N789EF,KDVT,KDVT,KDVT KVNY KDVT,,,,,,,3.9,3.9,,2.8,,,,,,,,,620,,,,,,,,,,,,,,,,,,,,,,,,,,,,,,,,,,2,,,2
12/22/25,N999ZZ,KDVT,KDVT,KDVT KGEU KDVT,,,,,,,0.3,0.3,,,,,,,,,,,30,,,,,,,,,,,,,,,,,,,,,,,,,,,,,,,,,,2,,,2
12/25/25,N999ZZ,KDVT,KDVT,KDVT KIFP KDVT,,,,,,,2.7,2.7,,,,,,,,,,,300,,,,,,,,,,,,,,,,,,,,,,,,,,,,,,,,,,2,,,2
12/28/25,N789EF,KDVT,KDVT,KDVT KCRK KDVT,,,,,,,3.5,3.5,,,,,,,,,,,560,,1.3,,,,,,1;RNAV (GPS) RWY 01;01;KDVT;;,,,,,,,,,,,,,,,,,,,,,,,,,,2,,,2
01/01/26,N789EF,KDVT,KDVT,KDVT KPUC KDVT,,,,,,,4.4,4.4,,2.9,,,,,,,,,700,,0.6,,,,,,1;RNAV (GPS) RWY 01;01;KDVT;;,,,,,,,,,,,,,,,,,,,,,,,,,,,,2,2
01/03/26,N789EF,KDVT,KDVT,KDVT KCRQ KDVT,,,,,,,3.1,3.1,,2.6,,,,,,,,,500,,,,,,,,,,,,,,,,,,,,,,,,,,,,,,,,,,,,2,2
01/06/26,N789EF,KDVT,KDVT,KDVT KSAF KDVT,,,,,,,4.1,4.1,,,,,,,,,,,660,,,,,,,,,,,,,,,,,,,,,,,,,,,,,,,,,,2,,,2
01/09/26,N999ZZ,KDVT,KDVT,KDVT KGYR KDVT,,,,,,,0.4,0.4,,,,,,,,,,,40,,,,,,,,,,,,,,,,,,,,,,,,,,,,,,,,,,2,,,2
01/12/26,N789EF,KDVT,KDVT,KDVT KDRO KDVT,,,,,,,4.0,4.0,,2.0,,,,,,,,,640,4.0,,,,,,,1;RNAV (GPS) RWY 01;01;KDVT;;,,,,,,,,,,,,,,,,,,,,,,,,,,,,2,2
01/15/26,N789EF,KDVT,KDVT,KDVT KSBA KDVT,,,,,,,4.8,4.8,,,,,,,,,,,760,4.8,0.6,,,,,,1;RNAV (GPS) RWY 01;01;KDVT;;,,,,,,,,,,,,,,,,,,,,,,,,,,2,,,2
01/18/26,N999ZZ,KDVT,KDVT,KDVT KIWA KDVT,,,,,,,0.6,0.6,,0.6,,,,,,,,,70,0.6,0.3,,,,,,1;RNAV (GPS) RWY 01;01;KDVT;;,,,,,,,,,,,,,,,,,,,,,,,,,,,,2,2
01/21/26,N999ZZ,KDVT,KDVT,KDVT KIGM KDVT,,,,,,,2.4,2.4,,,,,,,,,,,260,0.6,,,,,,,1;RNAV (GPS) RWY 01;01;KDVT;;,,,,,,,,,,,,,,,,,,,,,,,,,,2,,,2
01/24/26,N789EF,KDVT,KDVT,KDVT KCEZ KDVT,,,,,,,3.8,3.8,,,,,,,,,,,600,,1.3,,,,,,1;RNAV (GPS) RWY 01;01;KDVT;;,,,,,,,,,,,,,,,,,,,,,,,,,,2,,,2
01/27/26,N789EF,KDVT,KDVT,KDVT KSAF KDVT,,,,,,,4.1,4.1,,,,,,,,,,,660,,,,,,,,,,,,,,,,,,,,,,,,,,,,,,,,,,2,,,2
01/30/26,N789EF,KDVT,KDVT,KDVT KLAS KDVT,,,,,,,2.8,2.8,,,,,,,,,,,440,,0.1,,,,,,1;RNAV (GPS) RWY 01;01;KDVT;;,,,,,,,,,,,,,,,,,,,,,,,,,,2,,,2
02/02/26,N999ZZ,KDVT,KDVT,KDVT KRYN KDVT,,,,,,,1.7,1.7,,1.1,,,,,,,,,190,,,,,,,,,,,,,,,,,,,,,,,,,,,,,,,,,,2,,,2
02/05/26,N999ZZ,KDVT,KDVT,KDVT KGCN KDVT,,,,,,,2.7,2.7,,,,,,,,,,,300,,,,,,,,,,,,,,,,,,,,,,,,,,,,,,,,,,2,,,2
02/07/26,N999ZZ,KDVT,KDVT,KDVT KRYN KDVT,,,,,,,1.7,1.7,,,,,,,,,,,190,,,,,,,,,,,,,,,,,,,,,,,,,,,,,,,,,,2,,,2
02/10/26,N999ZZ,KDVT,KDVT,KDVT KPRC KDVT,,,,,,,1.1,1.1,,0.5,,,,,,,,,120,,,,,,,,,,,,,,,,,,,,,,,,,,,,,,,,,,2,,,2
02/13/26,N999ZZ,KDVT,KDVT,KDVT KPRC KDVT,,,,,,,1.1,1.1,,,,,,,,,,,120,,,,,,,,,,,,,,,,,,,,,,,,,,,,,,,,,,2,,,2
02/16/26,N999ZZ,KDVT,KDVT,KDVT KIWA KDVT,,,,,,,0.6,0.6,,,,,,,,,,,70,,,,,,,,,,,,,,,,,,,,,,,,,,,,,,,,,,2,,,2
02/19/26,N789EF,KDVT,KDVT,KDVT KLAS KDVT,,,,,,,2.8,2.8,,,,,,,,,,,440,,,,,,,,,,,,,,,,,,,,,,,,,,,,,,,,,,2,,,2
02/22/26,N789EF,KDVT,KDVT,KDVT KCRQ KDVT,,,,,,,3.1,3.1,,,,,,,,,,,500,,,,,,,,,,,,,,,,,,,,,,,,,,,,,,,,,,2,,,2
02/25/26,N789EF,KDVT,KDVT,KDVT KCEZ KDVT,,,,,,,3.8,3.8,,2.7,,,,,,,,,600,,,,,,,,,,,,,,,,,,,,,,,,,,,,,,,,,,2,,,2
02/28/26,N789EF,KDVT,KDVT,KDVT KPUC KDVT,,,,,,,4.4,4.4,,,,,,,,,,,700,,,,,,,,,,,,,,,,,,,,,,,,,,,,,,,,,,2,,,2
03/03/26,N789EF,KDVT,KDVT,KDVT KALS KDVT,,,,,,,5.0,5.0,,,,,,,,,,,800,,1.0,,,,,,1;RNAV (GPS) RWY 01;01;KDVT;;,,,,,,,,,,,,,,,,,,,,,,,,,,2,,,2
03/06/26,N999ZZ,KDVT,KDVT,KDVT KRYN KDVT,,,,,,,1.7,1.7,,,,,,,,,,,190,,,,,,,,,,,,,,,,,,,,,,,,,,,,,,,,,,2,,,2
03/09/26,N999ZZ,KDVT,KDVT,KDVT KSEZ KDVT,,,,,,,1.5,1.5,,,,,,,,,,,160,,,,,,,,,,,,,,,,,,,,,,,,,,,,,,,,,,2,,,2
03/12/26,N999ZZ,KDVT,KDVT,KDVT KAVQ KDVT,,,,,,,1.5,1.5,,,,,,,,,,,160,,,,,,,,,,,,,,,,,,,,,,,,,,,,,,,,,,2,,,2
03/15/26,N789EF,KDVT,KDVT,KDVT KVNY KDVT,,,,,,,3.9,3.9,,,,,,,,,,,620,,,,,,,,,,,,,,,,,,,,,,,,,,,,,,,,,,2,,,2
03/17/26,N999ZZ,KDVT,KDVT,KDVT KIFP KDVT,,,,,,,2.7,2.7,,,,,,,,,,,300,,1.3,,,,,,1;RNAV (GPS) RWY 01;01;KDVT;;,,,,,,,,,,,,,,,,,,,,,,,,,,2,,,2
03/20/26,N789EF,KDVT,KDVT,KDVT KCRK KDVT,,,,,,,3.5,3.5,,,,,,,,,,,560,,,,,,,,,,,,,,,,,,,,,,,,,,,,,,,,,,2,,,2
03/23/26,N789EF,KDVT,KDVT,KDVT KRNM KDVT,,,,,,,2.9,2.9,,,,,,,,,,,460,,1.2,,,,,,1;RNAV (GPS) RWY 01;01;KDVT;;,,,,,,,,,,,,,,,,,,,,,,,,,,2,,,2
03/26/26,N999ZZ,KDVT,KDVT,KDVT KFFZ KDVT,,,,,,,0.4,0.4,,,,,,,,,,,40,,,,,,,,,,,,,,,,,,,,,,,,,,,,,,,,,,2,,,2
03/29/26,N789EF,KDVT,KDVT,KDVT KVGT KDVT,,,,,,,2.9,2.9,,,,,,,,,,,460,,,,,,,,,,,,,,,,,,,,,,,,,,,,,,,,,,2,,,2
04/01/26,N789EF,KDVT,KDVT,KDVT KSAF KDVT,,,,,,,4.1,4.1,,,,,,,,,,,660,,,,,,,,,,,,,,,,,,,,,,,,,,,,,,,,,,2,,,2
04/04/26,N789EF,KDVT,KDVT,KDVT KVGT KDVT,,,,,,,2.9,2.9,,1.6,,,,,,,,,460,,,,,,,,,,,,,,,,,,,,,,,,,,,,,,,,,,2,,,2
04/07/26,N999ZZ,KDVT,KDVT,KDVT KAVQ KDVT,,,,,,,1.5,1.5,,,,,,,,,,,160,,,,,,,,,,,,,,,,,,,,,,,,,,,,,,,,,,2,,,2
04/10/26,N789EF,KDVT,KDVT,KDVT KSBA KDVT,,,,,,,4.8,4.8,,,,,,,,,,,760,,,,,,,,,,,,,,,,,,,,,,,,,,,,,,,,,,2,,,2
04/13/26,N789EF,KDVT,KDVT,KDVT KSAF KDVT,,,,,,,4.1,4.1,,,,,,,,,,,660,,,,,,,,,,,,,,,,,,,,,,,,,,,,,,,,,,2,,,2
04/16/26,N999ZZ,KDVT,KDVT,KDVT KTUS KDVT,,,,,,,1.7,1.7,,,,,,,,,,,190,,,,,,,,,,,,,,,,,,,,,,,,,,,,,,,,,,2,,,2
04/19/26,N999ZZ,KDVT,KDVT,KDVT KGEU KDVT,,,,,,,0.3,0.3,,0.2727272727272727,,,,,,,,,30,,,,,,,,,,,,,,,,,,,,,,,,,,,,,,,,,,2,,,2
04/21/26,N999ZZ,KDVT,KDVT,KDVT KAVQ KDVT,,,,,,,1.5,1.5,,,,,,,,,,,160,,,,,,,,,,,,,,,,,,,,,,,,,,,,,,,,,,2,,,2
04/24/26,N999ZZ,KDVT,KDVT,KDVT KGCN KDVT,,,,,,,2.7,2.7,,,,,,,,,,,300,,,,,,,,,,,,,,,,,,,,,,,,,,,,,,,,,,2,,,2
04/27/26,N789EF,KDVT,KDVT,KDVT KALS KDVT,,,,,,,5.0,5.0,,0.8,,,,,,,,,800,,1.5,,,,,,1;RNAV (GPS) RWY 01;01;KDVT;;,,,,,,,,,,,,,,,,,,,,,,,,,,2,,,2
04/30/26,N789EF,KDVT,KDVT,KDVT KGUP KDVT,,,,,,,2.2,2.2,,,,,,,,,,,360,,,,,,,,,,,,,,,,,,,,,,,,,,,,,,,,,,2,,,2
05/03/26,N789EF,KDVT,KDVT,KDVT KMYF KDVT,,,,,,,3.2,3.2,,,,,,,,,,,520,,,,,,,,,,,,,,,,,,,,,,,,,,,,,,,,,,2,,,2
05/06/26,N999ZZ,KDVT,KDVT,KDVT KRYN KDVT,,,,,,,1.7,1.7,,,,,,,,,,,190,,0.3,,,,,,1;RNAV (GPS) RWY 01;01;KDVT;;,,,,,,,,,,,,,,,,,,,,,,,,,,2,,,2
05/09/26,N789EF,KDVT,KDVT,KDVT KSMO KDVT,,,,,,,3.8,3.8,,,,,,,,,,,610,,,,,,,,,,,,,,,,,,,,,,,,,,,,,,,,,,2,,,2
05/12/26,N789EF,KDVT,KDVT,KDVT KALS KDVT,,,,,,,5.0,5.0,,,,,,,,,,,800,,,,,,,,,,,,,,,,,,,,,,,,,,,,,,,,,,2,,,2
05/15/26,N789EF,KDVT,KDVT,KDVT KHND KDVT,,,,,,,2.6,2.6,,,,,,,,,,,420,,0.6,,,,,,1;RNAV (GPS) RWY 01;01;KDVT;;,,,,,,,,,,,,,,,,,,,,,,,,,,2,,,2
05/18/26,N789EF,KDVT,KDVT,KDVT KMYF KDVT,,,,,,,3.2,3.2,,,,,,,,,,,520,,,,,,,,,,,,,,,,,,,,,,,,,,,,,,,,,,2,,,2
05/21/26,N789EF,KDVT,KDVT,KDVT KTOA KDVT,,,,,,,3.7,3.7,,,,,,,,,,,590,,,,,,,,,,,,,,,,,,,,,,,,,,,,,,,,,,2,,,2
05/24/26,N789EF,KDVT,KDVT,KDVT KSAF KDVT,,,,,,,4.1,4.1,,,,,,,,,,,660,,0.1,,,,,,1;RNAV (GPS) RWY 01;01;KDVT;;,,,,,,,,,,,,,,,,,,,,,,,,,,2,,,2
05/27/26,N999ZZ,KDVT,KDVT,KDVT KRYN KDVT,,,,,,,1.7,1.7,,1.6,,,,,,,,,190,,,,,,,,,,,,,,,,,,,,,,,,,,,,,,,,,,2,,,2
05/29/26,N789EF,KDVT,KDVT,KDVT KPUC KDVT,,,,,,,4.4,4.4,,,,,,,,,,,700,,,,,,,,,,,,,,,,,,,,,,,,,,,,,,,,,,2,,,2
06/01/26,N789EF,KDVT,KDVT,KDVT KSMO KDVT,,,,,,,3.8,3.8,,,,,,,,,,,610,,0.1,,,,,,1;RNAV (GPS) RWY 01;01;KDVT;;,,,,,,,,,,,,,,,,,,,,,,,,,,2,,,2
06/04/26,N999ZZ,KDVT,KDVT,KDVT KFLG KDVT,,,,,,,1.8,1.8,,,,,,,,,,,200,,,,,,,,,,,,,,,,,,,,,,,,,,,,,,,,,,2,,,2
06/07/26,N999ZZ,KDVT,KDVT,KDVT KSDL KDVT,,,,,,,0.2,0.2,,,,,,,,,,,20,,,,,,,,,,,,,,,,,,,,,,,,,,,,,,,,,,2,,,2
06/10/26,N789EF,KDVT,KDVT,KDVT KDRO KDVT,,,,,,,4.0,4.0,,,,,,,,,,,640,,,,,,,,,,,,,,,,,,,,,,,,,,,,,,,,,,2,,,2
06/13/26,N789EF,KDVT,KDVT,KDVT KMYF KDVT,,,,,,,3.2,3.2,,,,,,,,,,,520,,,,,,,,,,,,,,,,,,,,,,,,,,,,,,,,,,2,,,2
06/16/26,N789EF,KDVT,KDVT,KDVT KRNM KDVT,,,,,,,2.9,2.9,,,,,,,,,,,460,,0.2,,,,,,1;RNAV (GPS) RWY 01;01;KDVT;;,,,,,,,,,,,,,,,,,,,,,,,,,,2,,,2
06/19/26,N999ZZ,KDVT,KDVT,KDVT KIFP KDVT,,,,,,,2.7,2.7,,0.9,,,,,,,,,300,,0.8,,,,,,1;RNAV (GPS) RWY 01;01;KDVT;;,,,,,,,,,,,,,,,,,,,,,,,,,,2,,,2
06/22/26,N789EF,KDVT,KDVT,KDVT KGUP KDVT,,,,,,,2.2,2.2,,,,,,,,,,,360,,,,,,,,,,,,,,,,,,,,,,,,,,,,,,,,,,2,,,2
06/25/26,N789EF,KDVT,KDVT,KDVT KSMO KDVT,,,,,,,3.8,3.8,,,,,,,,,,,610,,0.2,,,,,,1;RNAV (GPS) RWY 01;01;KDVT;;,,,,,,,,,,,,,,,,,,,,,,,,,,2,,,2
06/28/26,N789EF,KDVT,KDVT,KDVT KHND KDVT,,,,,,,2.6,2.6,,,,,,,,,,,420,,,,,,,,,,,,,,,,,,,,,,,,,,,,,,,,,,2,,,2
07/01/26,N999ZZ,KDVT,KDVT,KDVT KFFZ KDVT,,,,,,,0.4,0.4,,,,,,,,,,,40,,,,,,,,,,,,,,,,,,,,,,,,,,,,,,,,,,2,,,2
07/03/26,N999ZZ,KDVT,KDVT,KDVT KAVQ KDVT,,,,,,,1.5,1.5,,,,,,,,,,,160,,,,,,,,,,,,,,,,,,,,,,,,,,,,,,,,,,2,,,2
07/06/26,N999ZZ,KDVT,KDVT,KDVT KTUS KDVT,,,,,,,1.7,1.7,,1.6,,,,,,,,,190,,,,,,,,,,,,,,,,,,,,,,,,,,,,,,,,,,2,,,2
07/09/26,N789EF,KDVT,KDVT,KDVT KSBA KDVT,,,,,,,4.8,4.8,,,,,,,,,,,760,,,,,,,,,,,,,,,,,,,,,,,,,,,,,,,,,,2,,,2
07/12/26,N789EF,KDVT,KDVT,KDVT KLAS KDVT,,,,,,,2.8,2.8,,,,,,,,,,,440,,0.6,,,,,,1;RNAV (GPS) RWY 01;01;KDVT;;,,,,,,,,,,,,,,,,,,,,,,,,,,2,,,2
07/15/26,N999ZZ,KDVT,KDVT,KDVT KIFP KDVT,,,,,,,2.7,2.7,,1.1,,,,,,,,,300,,,,,,,,,,,,,,,,,,,,,,,,,,,,,,,,,,2,,,2
07/18/26,N789EF,KDVT,KDVT,KDVT KSNA KDVT,,,,,,,3.5,3.5,,,,,,,,,,,560,,,,,,,,,,,,,,,,,,,,,,,,,,,,,,,,,,2,,,2
07/21/26,N789EF,KDVT,KDVT,KDVT KDRO KDVT,,,,,,,4.0,4.0,,,,,,,,,,,640,,,,,,,,,,,,,,,,,,,,,,,,,,,,,,,,,,2,,,2
07/24/26,N789EF,KDVT,KDVT,KDVT KPGA KDVT,,,,,,,2.5,2.5,,,,,,,,,,,400,,,,,,,,,,,,,,,,,,,,,,,,,,,,,,,,,,2,,,2
07/27/26,N789EF,KDVT,KDVT,KDVT KDRO KDVT,,,,,,,4.0,4.0,,,,,,,,,,,640,,,,,,,,,,,,,,,,,,,,,,,,,,,,,,,,,,2,,,2
07/30/26,N789EF,KDVT,KDVT,KDVT KDRO KDVT,,,,,,,4.0,4.0,,,,,,,,,,,640,,1.5,,,,,,1;RNAV (GPS) RWY 01;01;KDVT;;,,,,,,,,,,,,,,,,,,,,,,,,,,2,,,2
08/02/26,N789EF,KDVT,KDVT,KDVT KSAF KDVT,,,,,,,4.1,4.1,,,,,,,,,,,660,,,,,,,,,,,,,,,,,,,,,,,,,,,,,,,,,,2,,,2
08/05/26,N789EF,KDVT,KDVT,KDVT KSMO KDVT,,,,,,,3.8,3.8,,,,,,,,,,,610,,,,,,,,,,,,,,,,,,,,,,,,,,,,,,,,,,2,,,2
08/08/26,N789EF,KDVT,KDVT,KDVT KCMA KDVT,,,,,,,4.2,4.2,,,,,,,,,,,680,,,,,,,,,,,,,,,,,,,,,,,,,,,,,,,,,,2,,,2
08/10/26,N999ZZ,KDVT,KDVT,KDVT KFHU KDVT,,,,,,,2.5,2.5,,1.9,,,,,,,,,280,,,,,,,,,,,,,,,,,,,,,,,,,,,,,,,,,,2,,,2
08/13/26,N789EF,KDVT,KDVT,KDVT KCRQ KDVT,,,,,,,3.1,3.1,,,,,,,,,,,500,,0.2,,,,,,1;RNAV (GPS) RWY 01;01;KDVT;;,,,,,,,,,,,,,,,,,,,,,,,,,,2,,,2
08/16/26,N789EF,KDVT,KDVT,KDVT KGUP KDVT,,,,,,,2.2,2.2,,1.4,,,,,,,,,360,,,,,,,,,,,,,,,,,,,,,,,,,,,,,,,,,,2,,,2
08/19/26,N999ZZ,KDVT,KDVT,KDVT KPRC KDVT,,,,,,,1.1,1.1,,,,,,,,,,,120,,,,,,,,,,,,,,,,,,,,,,,,,,,,,,,,,,2,,,2
08/22/26,N999ZZ,KDVT,KDVT,KDVT KRYN KDVT,,,,,,,1.7,1.7,,,,,,,,,,,190,,,,,,,,,,,,,,,,,,,,,,,,,,,,,,,,,,2,,,2
08/25/26,N999ZZ,KDVT,KDVT,KDVT KTUS KDVT,,,,,,,1.7,1.7,,,,,,,,,,,190,,,,,,,,,,,,,,,,,,,,,,,,,,,,,,,,,,2,,,2
08/28/26,N789EF,KDVT,KDVT,KDVT KVNY KDVT,,,,,,,3.9,3.9,,,,,,,,,,,620,,0.3,,,,,,1;RNAV (GPS) RWY 01;01;KDVT;;,,,,,,,,,,,,,,,,,,,,,,,,,,2,,,2
08/31/26,N789EF,KDVT,KDVT,KDVT KCRK KDVT,,,,,,,3.5,3.5,,,,,,,,,,,560,,,,,,,,,,,,,,,,,,,,,,,,,,,,,,,,,,2,,,2
09/03/26,N999ZZ,KDVT,KDVT,KDVT KIFP KDVT,,,,,,,2.7,2.7,,,,,,,,,,,300,,,,,,,,,,,,,,,,,,,,,,,,,,,,,,,,,,2,,,2
09/06/26,N999ZZ,KDVT,KDVT,KDVT KFLG KDVT,,,,,,,1.8,1.8,,,,,,,,,,,200,,,,,,,,,,,,,,,,,,,,,,,,,,,,,,,,,,2,,,2
09/09/26,N789EF,KDVT,KDVT,KDVT KCRK KDVT,,,,,,,3.5,3.5,,,,,,,,,,,560,,,,,,,,,,,,,,,,,,,,,,,,,,,,,,,,,,2,,,2
09/12/26,N999ZZ,KDVT,KDVT,KDVT KCHD KDVT,,,,,,,0.5,0.5,,0.5,,,,,,,,,60,,,,,,,,,,,,,,,,,,,,,,,,,,,,,,,,,,2,,,2
09/14/26,N999ZZ,KDVT,KDVT,KDVT KCHD KDVT,,,,,,,0.5,0.5,,0.5,,,,,,,,,60,,0.5,,,,,,1;RNAV (GPS) RWY 01;01;KDVT;;,,,,,,,,,,,,,,,,,,,,,,,,,,2,,,2
09/17/26,N789EF,KDVT,KDVT,KDVT KCMA KDVT,,,,,,,4.2,4.2,,,,,,,,,,,680,,,,,,,,,,,,,,,,,,,,,,,,,,,,,,,,,,2,,,2
09/20/26,N789EF,KDVT,KDVT,KDVT KCEZ KDVT,,,,,,,3.8,3.8,,0.6,,,,,,,,,600,,1.4,,,,,,1;RNAV (GPS) RWY 01;01;KDVT;;,,,,,,,,,,,,,,,,,,,,,,,,,,2,,,2
09/23/26,N789EF,KDVT,KDVT,KDVT KMYF KDVT,,,,,,,3.2,3.2,,,,,,,,,,,520,,,,,,,,,,,,,,,,,,,,,,,,,,,,,,,,,,2,,,2
09/26/26,N999ZZ,KDVT,KDVT,KDVT KFHU KDVT,,,,,,,2.5,2.5,,,,,,,,,,,280,,,,,,,,,,,,,,,,,,,,,,,,,,,,,,,,,,2,,,2
09/29/26,N789EF,KDVT,KDVT,KDVT KSEE KDVT,,,,,,,3.1,3.1,,,,,,,,,,,500,,0.4,,,,,,1;RNAV (GPS) RWY 01;01;KDVT;;,,,,,,,,,,,,,,,,,,,,,,,,,,2,,,2
10/02/26,N789EF,KDVT,KDVT,KDVT KSBA KDVT,,,,,,,4.8,4.8,,,,,,,,,,,760,,,,,,,,,,,,,,,,,,,,,,,,,,,,,,,,,,2,,,2
10/05/26,N789EF,KDVT,KDVT,KDVT KCEZ KDVT,,,,,,,3.8,3.8,,,,,,,,,,,600,,,,,,,,,,,,,,,,,,,,,,,,,,,,,,,,,,2,,,2
10/08/26,N789EF,KDVT,KDVT,KDVT KMYF KDVT,,,,,,,3.2,3.2,,1.6,,,,,,,,,520,,1.4,,,,,,1;RNAV (GPS) RWY 01;01;KDVT;;,,,,,,,,,,,,,,,,,,,,,,,,,,2,,,2
10/11/26,N789EF,KDVT,KDVT,KDVT KCEZ KDVT,,,,,,,3.8,3.8,,2.1,,,,,,,,,600,,0.8,,,,,,1;RNAV (GPS) RWY 01;01;KDVT;;,,,,,,,,,,,,,,,,,,,,,,,,,,2,,,2
10/14/26,N789EF,KDVT,KDVT,KDVT KSEE KDVT,,,,,,,3.1,3.1,,,,,,,,,,,500,,1.5,,,,,,1;RNAV (GPS) RWY 01;01;KDVT;;,,,,,,,,,,,,,,,,,,,,,,,,,,2,,,2
10/17/26,N789EF,KDVT,KDVT,KDVT KMYF KDVT,,,,,,,3.2,3.2,,,,,,,,,,,520,,,,,,,,,,,,,,,,,,,,,,,,,,,,,,,,,,2,,,2
10/20/26,N789EF,KDVT,KDVT,KDVT KCEZ KDVT,,,,,,,3.8,3.8,,,,,,,,,,,600,,,,,,,,,,,,,,,,,,,,,,,,,,,,,,,,,,2,,,2
10/22/26,N789EF,KDVT,KDVT,KDVT KSAF KDVT,,,,,,,4.1,4.1,,1.2,,,,,,,,,660,,1.2,,,,,,1;RNAV (GPS) RWY 01;01;KDVT;;,,,,,,,,,,,,,,,,,,,,,,,,,,2,,,2
10/25/26,N999ZZ,KDVT,KDVT,KDVT KSDL KDVT,,,,,,,0.2,0.2,,,,,,,,,,,20,,0.2,,,,,,1;RNAV (GPS) RWY 01;01;KDVT;;,,,,,,,,,,,,,,,,,,,,,,,,,,2,,,2
10/28/26,N789EF,KDVT,KDVT,KDVT KPUC KDVT,,,,,,,4.4,4.4,,,,,,,,,,,700,,0.6,,,,,,1;RNAV (GPS) RWY 01;01;KDVT;;,,,,,,,,,,,,,,,,,,,,,,,,,,2,,,2
10/31/26,N999ZZ,KDVT,KDVT,KDVT KIFP KDVT,,,,,,,2.7,2.7,,,,,,,,,,,300,,,,,,,,,,,,,,,,,,,,,,,,,,,,,,,,,,2,,,2
11/03/26,N789EF,KDVT,KDVT,KDVT KRNM KDVT,,,,,,,2.9,2.9,,,,,,,,,,,460,,,,,,,,,,,,,,,,,,,,,,,,,,,,,,,,,,2,,,2
11/06/26,N789EF,KDVT,KDVT,KDVT KGUP KDVT,,,,,,,2.2,2.2,,,,,,,,,,,360,,0.3,,,,,,1;RNAV (GPS) RWY 01;01;KDVT;;,,,,,,,,,,,,,,,,,,,,,,,,,,2,,,2
11/09/26,N999ZZ,KDVT,KDVT,KDVT KIGM KDVT,,,,,,,2.4,2.4,,,,,,,,,,,260,,,,,,,,,,,,,,,,,,,,,,,,,,,,,,,,,,2,,,2
11/12/26,N999ZZ,KDVT,KDVT,KDVT KGEU KDVT,,,,,,,0.3,0.3,,,,,,,,,,,30,,0.3,,,,,,1;RNAV (GPS) RWY 01;01;KDVT;;,,,,,,,,,,,,,,,,,,,,,,,,,,2,,,2
11/15/26,N789EF,KDVT,KDVT,KDVT KGUP KDVT,,,,,,,2.2,2.2,,1.8,,,,,,,,,360,,,,,,,,,,,,,,,,,,,,,,,,,,,,,,,,,,2,,,2
11/18/26,N789EF,KDVT,KDVT,KDVT KCRK KDVT,,,,,,,3.5,3.5,,,,,,,,,,,560,,0.1,,,,,,1;RNAV (GPS) RWY 01;01;KDVT;;,,,,,,,,,,,,,,,,,,,,,,,,,,2,,,2
11/21/26,N999ZZ,KDVT,KDVT,KDVT KGYR KDVT,,,,,,,0.4,0.4,,,,,,,,,,,40,,,,,,,,,,,,,,,,,,,,,,,,,,,,,,,,,,2,,,2
11/24/26,N999ZZ,KDVT,KDVT,KDVT KIFP KDVT,,,,,,,2.7,2.7,,,,,,,,,,,300,,,,,,,,,,,,,,,,,,,,,,,,,,,,,,,,,,2,,,2
11/26/26,N789EF,KDVT,KDVT,KDVT KPGA KDVT,,,,,,,2.5,2.5,,,,,,,,,,,400,,,,,,,,,,,,,,,,,,,,,,,,,,,,,,,,,,2,,,2
11/29/26,N999ZZ,KDVT,KDVT,KDVT KSEZ KDVT,,,,,,,1.5,1.5,,,,,,,,,,,160,,,,,,,,,,,,,,,,,,,,,,,,,,,,,,,,,,2,,,2
12/02/26,N789EF,KDVT,KDVT,KDVT KVGT KDVT,,,,,,,2.9,2.9,,2.2,,,,,,,,,460,,,,,,,,,,,,,,,,,,,,,,,,,,,,,,,,,,2,,,2
12/05/26,N999ZZ,KDVT,KDVT,KDVT KCGZ KDVT,,,,,,,0.8,0.8,,,,,,,,,,,90,,,,,,,,,,,,,,,,,,,,,,,,,,,,,,,,,,2,,,2
12/08/26,N789EF,KDVT,KDVT,KDVT KRNM KDVT,,,,,,,2.9,2.9,,,,,,,,,,,460,,,,,,,,,,,,,,,,,,,,,,,,,,,,,,,,,,2,,,2
12/11/26,N789EF,KDVT,KDVT,KDVT KHND KDVT,,,,,,,2.6,2.6,,,,,,,,,,,420,,,,,,,,,,,,,,,,,,,,,,,,,,,,,,,,,,2,,,2
12/14/26,N789EF,KDVT,KDVT,KDVT KGUP KDVT,,,,,,,2.2,2.2,,,,,,,,,,,360,,0.8,,,,,,1;RNAV (GPS) RWY 01;01;KDVT;;,,,,,,,,,,,,,,,,,,,,,,,,,,2,,,2
12/17/26,N999ZZ,KDVT,KDVT,KDVT KFFZ KDVT,,,,,,,0.4,0.4,,,,,,,,,,,40,,,,,,,,,,,,,,,,,,,,,,,,,,,,,,,,,,2,,,2
12/20/26,N999ZZ,KDVT,KDVT,KDVT KGEU KDVT,,,,,,,0.3,0.3,,,,,,,,,,,30,,,,,,,,,,,,,,,,,,,,,,,,,,,,,,,,,,2,,,2
12/23/26,N789EF,KDVT,KDVT,KDVT KALS KDVT,,,,,,,5.0,5.0,,,,,,,,,,,800,,,,,,,,,,,,,,,,,,,,,,,,,,,,,,,,,,2,,,2
12/26/26,N999ZZ,KDVT,KDVT,KDVT KAVQ KDVT,,,,,,,1.5,1.5,,1.0,,,,,,,,,160,,,,,,,,,,,,,,,,,,,,,,,,,,,,,,,,,,2,,,2
12/29/26,N789EF,KDVT,KDVT,KDVT KCEZ KDVT,,,,,,,3.8,3.8,,,,,,,,,,,600,,,,,,,,,,,,,,,,,,,,,,,,,,,,,,,,,,2,,,2
01/01/27,N789EF,KDVT,KDVT,KDVT KSBA KDVT,,,,,,,4.8,4.8,,1.0,,,,,,,,,760,,,,,,,,,,,,,,,,,,,,,,,,,,,,,,,,,,,,2,2
01/03/27,N999ZZ,KDVT,KDVT,KDVT KINW KDVT,,,,,,,2.2,2.2,,,,,,,,,,,240,,,,,,,,,,,,,,,,,,,,,,,,,,,,,,,,,,2,,,2
01/06/27,N789EF,KDVT,KDVT,KDVT KSAF KDVT,,,,,,,4.1,4.1,,4.0,,,,,,,,,660,,,,,,,,,,,,,,,,,,,,,,,,,,,,,,,,,,,,2,2
01/08/27,N999ZZ,KDVT,KDVT,KDVT KFLG KDVT,,,,,,,1.8,1.8,,1.7,,,,,,,,,200,,,,,,,,,,,,,,,,,,,,,,,,,,,,,,,,,,,,2,2
01/11/27,N789EF,KDVT,KDVT,KDVT KRNM KDVT,,,,,,,2.9,2.9,,0.8,,,,,,,,,460,,1.4,,,,,,1;RNAV (GPS) RWY 01;01;KDVT;;,,,,,,,,,,,,,,,,,,,,,,,,,,,,2,2
01/14/27,N789EF,KDVT,KDVT,KDVT KSMO KDVT,,,,,,,3.8,3.8,,,,,,,,,,,610,,0.8,,,,,,1;RNAV (GPS) RWY 01;01;KDVT;;,,,,,,,,,,,,,,,,,,,,,,,,,,2,,,2
01/16/27,N789EF,KDVT,KDVT,KDVT KHND KDVT,,,,,,,2.6,2.6,,0.9,,,,,,,,,420,,,,,,,,,,,,,,,,,,,,,,,,,,,,,,,,,,,,2,2
01/19/27,N789EF,KDVT,KDVT,KDVT KDRO KDVT,,,,,,,4.0,4.0,,,,,,,,,,,640,,,,,,,,,,,,,,,,,,,,,,,,,,,,,,,,,,2,,,2
01/21/27,N789EF,KDVT,KDVT,KDVT KSMO KDVT,,,,,,,3.8,3.8,,,,,,,,,,,610,3.8,0.9,,,,,,1;RNAV (GPS) RWY 01;01;KDVT;;,,,,,,,,,,,,,,,,,,,,,,,,,,2,,,2
01/24/27,N789EF,KDVT,KDVT,KDVT KRNM KDVT,,,,,,,2.9,2.9,,,,,,,,,,,460,,,,,,,,,,,,,,,,,,,,,,,,,,,,,,,,,,2,,,2
01/27/27,N789EF,KDVT,KDVT,KDVT KSAF KDVT,,,,,,,4.1,4.1,,,,,,,,,,,660,2.2,,,,,,,1;RNAV (GPS) RWY 01;01;KDVT;;,,,,,,,,,,,,,,,,,,,,,,,,,,2,,,2
01/29/27,N999ZZ,KDVT,KDVT,KDVT KPRC KDVT,,,,,,,1.1,1.1,,,,,,,,,,,120,,,,,,,,,,,,,,,,,,,,,,,,,,,,,,,,,,2,,,2
02/01/27,N789EF,KDVT,KDVT,KDVT KSMO KDVT,,,,,,,3.8,3.8,,,,,,,,,,,610,,,,,,,,,,,,,,,,,,,,,,,,,,,,,,,,,,2,,,2
02/03/27,N999ZZ,KDVT,KDVT,KDVT KFHU KDVT,,,,,,,2.5,2.5,,,,,,,,,,,280,,0.3,,,,,,1;RNAV (GPS) RWY 01;01;KDVT;;,,,,,,,,,,,,,,,,,,,,,,,,,,2,,,2
02/06/27,N789EF,KDVT,KDVT,KDVT KABQ KDVT,,,,,,,3.5,3.5,,,,,,,,,,,560,,0.3,,,,,,1;RNAV (GPS) RWY 01;01;KDVT;;,,,,,,,,,,,,,,,,,,,,,,,,,,2,,,2
02/09/27,N999ZZ,KDVT,KDVT,KDVT KGYR KDVT,,,,,,,0.4,0.4,,0.36363636363636365,,,,,,,,,40,,,,,,,,,,,,,,,,,,,,,,,,,,,,,,,,,,2,,,2
02/11/27,N789EF,KDVT,KDVT,KDVT KLRU KDVT,,,,,,,2.5,2.5,,,,,,,,,,,400,,,,,,,,,,,,,,,,,,,,,,,,,,,,,,,,,,2,,,2
02/14/27,N789EF,KDVT,KDVT,KDVT KHND KDVT,,,,,,,2.6,2.6,,,,,,,,,,,420,,1.3,,,,,,1;RNAV (GPS) RWY 01;01;KDVT;;,,,,,,,,,,,,,,,,,,,,,,,,,,2,,,2
02/16/27,N999ZZ,KDVT,KDVT,KDVT KCGZ KDVT,,,,,,,0.8,0.8,,,,,,,,,,,90,,0.3,,,,,,1;RNAV (GPS) RWY 01;01;KDVT;;,,,,,,,,,,,,,,,,,,,,,,,,,,2,,,2
02/19/27,N789EF,KDVT,KDVT,KDVT KCEZ KDVT,,,,,,,3.8,3.8,,1.3,,,,,,,,,600,,1.3,,,,,,1;RNAV (GPS) RWY 01;01;KDVT;;,,,,,,,,,,,,,,,,,,,,,,,,,,2,,,2
02/22/27,N789EF,KDVT,KDVT,KDVT KDRO KDVT,,,,,,,4.0,4.0,,2.9,,,,,,,,,640,,0.4,,,,,,1;RNAV (GPS) RWY 01;01;KDVT;;,,,,,,,,,,,,,,,,,,,,,,,,,,2,,,2
02/24/27,N789EF,KDVT,KDVT,KDVT KCMA KDVT,,,,,,,4.2,4.2,,,,,,,,,,,680,,,,,,,,,,,,,,,,,,,,,,,,,,,,,,,,,,2,,,2
02/27/27,N999ZZ,KDVT,KDVT,KDVT KCHD KDVT,,,,,,,0.5,0.5,,,,,,,,,,,60,,,,,,,,,,,,,,,,,,,,,,,,,,,,,,,,,,2,,,2
03/01/27,N789EF,KDVT,KDVT,KDVT KDRO KDVT,,,,,,,4.0,4.0,,,,,,,,,,,640,,1.0,,,,,,1;RNAV (GPS) RWY 01;01;KDVT;;,,,,,,,,,,,,,,,,,,,,,,,,,,2,,,2
03/04/27,N789EF,KDVT,KDVT,KDVT KALS KDVT,,,,,,,5.0,5.0,,,,,,,,,,,800,,0.3,,,,,,1;RNAV (GPS) RWY 01;01;KDVT;;,,,,,,,,,,,,,,,,,,,,,,,,,,2,,,2
03/07/27,N789EF,KDVT,KDVT,KDVT KSMO KDVT,,,,,,,3.8,3.8,,,,,,,,,,,610,,0.8,,,,,,1;RNAV (GPS) RWY 01;01;KDVT;;,,,,,,,,,,,,,,,,,,,,,,,,,,2,,,2
03/09/27,N999ZZ,KDVT,KDVT,KDVT KSDL KDVT,,,,,,,0.2,0.2,,0.18181818181818182,,,,,,,,,20,,,,,,,,,,,,,,,,,,,,,,,,,,,,,,,,,,2,,,2
03/12/27,N999ZZ,KDVT,KDVT,KDVT KCGZ KDVT,,,,,,,0.8,0.8,,0.5,,,,,,,,,90,,,,,,,,,,,,,,,,,,,,,,,,,,,,,,,,,,2,,,2
03/15/27,N789EF,KDVT,KDVT,KDVT KALS KDVT,,,,,,,5.0,5.0,,,,,,,,,,,800,,,,,,,,,,,,,,,,,,,,,,,,,,,,,,,,,,2,,,2
03/17/27,N999ZZ,KDVT,KDVT,KDVT KAVQ KDVT,,,,,,,1.5,1.5,,,,,,,,,,,160,,,,,,,,,,,,,,,,,,,,,,,,,,,,,,,,,,2,,,2
03/20/27,N789EF,KDVT,KDVT,KDVT KCEZ KDVT,,,,,,,3.8,3.8,,,,,,,,,,,600,,,,,,,,,,,,,,,,,,,,,,,,,,,,,,,,,,2,,,2
03/22/27,N789EF,KDVT,KDVT,KDVT KLRU KDVT,,,,,,,2.5,2.5,,0.9,,,,,,,,,400,,,,,,,,,,,,,,,,,,,,,,,,,,,,,,,,,,2,,,2
03/25/27,N999ZZ,KDVT,KDVT,KDVT KOLS KDVT,,,,,,,2.2,2.2,,,,,,,,,,,240,,,,,,,,,,,,,,,,,,,,,,,,,,,,,,,,,,2,,,2
03/28/27,N999ZZ,KDVT,KDVT,KDVT KFHU KDVT,,,,,,,2.5,2.5,,,,,,,,,,,280,,,,,,,,,,,,,,,,,,,,,,,,,,,,,,,,,,2,,,2
03/30/27,N999ZZ,KDVT,KDVT,KDVT KFLG KDVT,,,,,,,1.8,1.8,,,,,,,,,,,200,,0.8,,,,,,1;RNAV (GPS) RWY 01;01;KDVT;;,,,,,,,,,,,,,,,,,,,,,,,,,,2,,,2
04/02/27,N789EF,KDVT,KDVT,KDVT KSBA KDVT,,,,,,,4.8,4.8,,3.7,,,,,,,,,760,,,,,,,,,,,,,,,,,,,,,,,,,,,,,,,,,,2,,,2
04/04/27,N999ZZ,KDVT,KDVT,KDVT KGEU KDVT,,,,,,,0.3,0.3,,,,,,,,,,,30,,,,,,,,,,,,,,,,,,,,,,,,,,,,,,,,,,2,,,2
04/07/27,N999ZZ,KDVT,KDVT,KDVT KCGZ KDVT,,,,,,,0.8,0.8,,,,,,,,,,,90,,,,,,,,,,,,,,,,,,,,,,,,,,,,,,,,,,2,,,2
04/10/27,N999ZZ,KDVT,KDVT,KDVT KFFZ KDVT,,,,,,,0.4,0.4,,,,,,,,,,,40,,0.4,,,,,,1;RNAV (GPS) RWY 01;01;KDVT;;,,,,,,,,,,,,,,,,,,,,,,,,,,2,,,2
04/12/27,N789EF,KDVT,KDVT,KDVT KRNM KDVT,,,,,,,2.9,2.9,,,,,,,,,,,460,,,,,,,,,,,,,,,,,,,,,,,,,,,,,,,,,,2,,,2
04/15/27,N789EF,KDVT,KDVT,KDVT KLGB KDVT,,,,,,,3.6,3.6,,,,,,,,,,,580,,,,,,,,,,,,,,,,,,,,,,,,,,,,,,,,,,2,,,2
04/17/27,N999ZZ,KDVT,KDVT,KDVT KCGZ KDVT,,,,,,,0.8,0.8,,0.6,,,,,,,,,90,,,,,,,,,,,,,,,,,,,,,,,,,,,,,,,,,,2,,,2
04/20/27,N999ZZ,KDVT,KDVT,KDVT KPRC KDVT,,,,,,,1.1,1.1,,,,,,,,,,,120,,,,,,,,,,,,,,,,,,,,,,,,,,,,,,,,,,2,,,2
04/23/27,N789EF,KDVT,KDVT,KDVT KDRO KDVT,,,,,,,4.0,4.0,,,,,,,,,,,640,,1.5,,,,,,1;RNAV (GPS) RWY 01;01;KDVT;;,,,,,,,,,,,,,,,,,,,,,,,,,,2,,,2
04/25/27,N789EF,KDVT,KDVT,KDVT KLAS KDVT,,,,,,,2.8,2.8,,,,,,,,,,,440,,,,,,,,,,,,,,,,,,,,,,,,,,,,,,,,,,2,,,2
04/28/27,N789EF,KDVT,KDVT,KDVT KVGT KDVT,,,,,,,2.9,2.9,,,,,,,,,,,460,,0.5,,,,,,1;RNAV (GPS) RWY 01;01;KDVT;;,,,,,,,,,,,,,,,,,,,,,,,,,,2,,,2
04/30/27,N999ZZ,KDVT,KDVT,KDVT KFHU KDVT,,,,,,,2.5,2.5,,2.1,,,,,,,,,280,,,,,,,,,,,,,,,,,,,,,,,,,,,,,,,,,,2,,,2
05/03/27,N999ZZ,KDVT,KDVT,KDVT KFFZ KDVT,,,,,,,0.4,0.4,,,,,,,,,,,40,,0.4,,,,,,1;RNAV (GPS) RWY 01;01;KDVT;;,,,,,,,,,,,,,,,,,,,,,,,,,,2,,,2
05/06/27,N999ZZ,KDVT,KDVT,KDVT KFFZ KDVT,,,,,,,0.4,0.4,,,,,,,,,,,40,,,,,,,,,,,,,,,,,,,,,,,,,,,,,,,,,,2,,,2
05/08/27,N789EF,KDVT,KDVT,KDVT KPUC KDVT,,,,,,,4.4,4.4,,,,,,,,,,,700,,0.9,,,,,,1;RNAV (GPS) RWY 01;01;KDVT;;,,,,,,,,,,,,,,,,,,,,,,,,,,2,,,2
05/11/27,N789EF,KDVT,KDVT,KDVT KRNM KDVT,,,,,,,2.9,2.9,,0.6,,,,,,,,,460,,,,,,,,,,,,,,,,,,,,,,,,,,,,,,,,,,2,,,2
05/13/27,N999ZZ,KDVT,KDVT,KDVT KOLS KDVT,,,,,,,2.2,2.2,,,,,,,,,,,240,,0.4,,,,,,1;RNAV (GPS) RWY 01;01;KDVT;;,,,,,,,,,,,,,,,,,,,,,,,,,,2,,,2
05/16/27,N999ZZ,KDVT,KDVT,KDVT KGCN KDVT,,,,,,,2.7,2.7,,,,,,,,,,,300,,,,,,,,,,,,,,,,,,,,,,,,,,,,,,,,,,2,,,2
05/19/27,N789EF,KDVT,KDVT,KDVT KTRM KDVT,,,,,,,2.2,2.2,,,,,,,,,,,360,,,,,,,,,,,,,,,,,,,,,,,,,,,,,,,,,,2,,,2
05/21/27,N999ZZ,KDVT,KDVT,KDVT KGCN KDVT,,,,,,,2.7,2.7,,,,,,,,,,,300,,1.3,,,,,,1;RNAV (GPS) RWY 01;01;KDVT;;,,,,,,,,,,,,,,,,,,,,,,,,,,2,,,2
05/24/27,N789EF,KDVT,KDVT,KDVT KCRK KDVT,,,,,,,3.5,3.5,,,,,,,,,,,560,,,,,,,,,,,,,,,,,,,,,,,,,,,,,,,,,,2,,,2
05/27/27,N789EF,KDVT,KDVT,KDVT KVGT KDVT,,,,,,,2.9,2.9,,1.1,,,,,,,,,460,,0.4,,,,,,1;RNAV (GPS) RWY 01;01;KDVT;;,,,,,,,,,,,,,,,,,,,,,,,,,,2,,,2
05/29/27,N999ZZ,KDVT,KDVT,KDVT KOLS KDVT,,,,,,,2.2,2.2,,,,,,,,,,,240,,,,,,,,,,,,,,,,,,,,,,,,,,,,,,,,,,2,,,2
06/01/27,N789EF,KDVT,KDVT,KDVT KVGT KDVT,,,,,,,2.9,2.9,,0.9,,,,,,,,,460,,,,,,,,,,,,,,,,,,,,,,,,,,,,,,,,,,2,,,2
06/03/27,N999ZZ,KDVT,KDVT,KDVT KCGZ KDVT,,,,,,,0.8,0.8,,,,,,,,,,,90,,0.2,,,,,,1;RNAV (GPS) RWY 01;01;KDVT;;,,,,,,,,,,,,,,,,,,,,,,,,,,2,,,2
06/06/27,N999ZZ,KDVT,KDVT,KDVT KSDL KDVT,,,,,,,0.2,0.2,,,,,,,,,,,20,,,,,,,,,,,,,,,,,,,,,,,,,,,,,,,,,,2,,,2
06/09/27,N999ZZ,KDVT,KDVT,KDVT KRYN KDVT,,,,,,,1.7,1.7,,,,,,,,,,,190,,,,,,,,,,,,,,,,,,,,,,,,,,,,,,,,,,2,,,2
06/11/27,N999ZZ,KDVT,KDVT,KDVT KGCN KDVT,,,,,,,2.7,2.7,,,,,,,,,,,300,,0.8,,,,,,1;RNAV (GPS) RWY 01;01;KDVT;;,,,,,,,,,,,,,,,,,,,,,,,,,,2,,,2
06/14/27,N999ZZ,KDVT,KDVT,KDVT KFHU KDVT,,,,,,,2.5,2.5,,,,,,,,,,,280,,0.5,,,,,,1;RNAV (GPS) RWY 01;01;KDVT;;,,,,,,,,,,,,,,,,,,,,,,,,,,2,,,2
06/16/27,N999ZZ,KDVT,KDVT,KDVT KTUS KDVT,,,,,,,1.7,1.7,,,,,,,,,,,190,,,,,,,,,,,,,,,,,,,,,,,,,,,,,,,,,,2,,,2
06/19/27,N789EF,KDVT,KDVT,KDVT KLGB KDVT,,,,,,,3.6,3.6,,,,,,,,,,,580,,,,,,,,,,,,,,,,,,,,,,,,,,,,,,,,,,2,,,2
06/22/27,N789EF,KDVT,KDVT,KDVT KSAF KDVT,,,,,,,4.1,4.1,,1.9,,,,,,,,,660,,,,,,,,,,,,,,,,,,,,,,,,,,,,,,,,,,2,,,2
06/24/27,N789EF,KDVT,KDVT,KDVT KSBA KDVT,,,,,,,4.8,4.8,,,,,,,,,,,760,,1.1,,,,,,1;RNAV (GPS) RWY 01;01;KDVT;;,,,,,,,,,,,,,,,,,,,,,,,,,,2,,,2
06/27/27,N789EF,KDVT,KDVT,KDVT KCMA KDVT,,,,,,,4.2,4.2,,,,,,,,,,,680,,,,,,,,,,,,,,,,,,,,,,,,,,,,,,,,,,2,,,2
06/29/27,N999ZZ,KDVT,KDVT,KDVT KFHU KDVT,,,,,,,2.5,2.5,,,,,,,,,,,280,,,,,,,,,,,,,,,,,,,,,,,,,,,,,,,,,,2,,,2
07/02/27,N999ZZ,KDVT,KDVT,KDVT KCHD KDVT,,,,,,,0.5,0.5,,0.5,,,,,,,,,60,,0.5,,,,,,1;RNAV (GPS) RWY 01;01;KDVT;;,,,,,,,,,,,,,,,,,,,,,,,,,,2,,,2
07/05/27,N789EF,KDVT,KDVT,KDVT KLAS KDVT,,,,,,,2.8,2.8,,,,,,,,,,,440,,,,,,,,,,,,,,,,,,,,,,,,,,,,,,,,,,2,,,2
07/07/27,N999ZZ,KDVT,KDVT,KDVT KINW KDVT,,,,,,,2.2,2.2,,1.3,,,,,,,,,240,,,,,,,,,,,,,,,,,,,,,,,,,,,,,,,,,,2,,,2
07/10/27,N999ZZ,KDVT,KDVT,KDVT KGEU KDVT,,,,,,,0.3,0.3,,,,,,,,,,,30,,,,,,,,,,,,,,,,,,,,,,,,,,,,,,,,,,2,,,2
07/12/27,N789EF,KDVT,KDVT,KDVT KSAF KDVT,,,,,,,4.1,4.1,,2.1,,,,,,,,,660,,,,,,,,,,,,,,,,,,,,,,,,,,,,,,,,,,2,,,2
07/15/27,N789EF,KDVT,KDVT,KDVT KABQ KDVT,,,,,,,3.5,3.5,,,,,,,,,,,560,,,,,,,,,,,,,,,,,,,,,,,,,,,,,,,,,,2,,,2
07/18/27,N999ZZ,KDVT,KDVT,KDVT KIGM KDVT,,,,,,,2.4,2.4,,,,,,,,,,,260,,,,,,,,,,,,,,,,,,,,,,,,,,,,,,,,,,2,,,2
07/20/27,N789EF,KDVT,KDVT,KDVT KSNA KDVT,,,,,,,3.5,3.5,,,,,,,,,,,560,,,,,,,,,,,,,,,,,,,,,,,,,,,,,,,,,,2,,,2
07/23/27,N789EF,KDVT,KDVT,KDVT KRNM KDVT,,,,,,,2.9,2.9,,,,,,,,,,,460,,,,,,,,,,,,,,,,,,,,,,,,,,,,,,,,,,2,,,2
07/25/27,N789EF,KDVT,KDVT,KDVT KLAS KDVT,,,,,,,2.8,2.8,,,,,,,,,,,440,,,,,,,,,,,,,,,,,,,,,,,,,,,,,,,,,,2,,,2
07/28/27,N789EF,KDVT,KDVT,KDVT KVGT KDVT,,,,,,,2.9,2.9,,2.1,,,,,,,,,460,,,,,,,,,,,,,,,,,,,,,,,,,,,,,,,,,,2,,,2
07/31/27,N789EF,KDVT,KDVT,KDVT KRNM KDVT,,,,,,,2.9,2.9,,,,,,,,,,,460,,,,,,,,,,,,,,,,,,,,,,,,,,,,,,,,,,2,,,2
08/02/27,N789EF,KDVT,KDVT,KDVT KLAS KDVT,,,,,,,2.8,2.8,,,,,,,,,,,440,,0.4,,,,,,1;RNAV (GPS) RWY 01;01;KDVT;;,,,,,,,,,,,,,,,,,,,,,,,,,,2,,,2
08/05/27,N999ZZ,KDVT,KDVT,KDVT KIFP KDVT,,,,,,,2.7,2.7,,,,,,,,,,,300,,,,,,,,,,,,,,,,,,,,,,,,,,,,,,,,,,2,,,2
08/08/27,N789EF,KDVT,KDVT,KDVT KSNA KDVT,,,,,,,3.5,3.5,,,,,,,,,,,560,,,,,,,,,,,,,,,,,,,,,,,,,,,,,,,,,,2,,,2
08/10/27,N999ZZ,KDVT,KDVT,KDVT KIGM KDVT,,,,,,,2.4,2.4,,,,,,,,,,,260,,,,,,,,,,,,,,,,,,,,,,,,,,,,,,,,,,2,,,2
08/13/27,N999ZZ,KDVT,KDVT,KDVT KGCN KDVT,,,,,,,2.7,2.7,,,,,,,,,,,300,,,,,,,,,,,,,,,,,,,,,,,,,,,,,,,,,,2,,,2
08/15/27,N999ZZ,KDVT,KDVT,KDVT KGEU KDVT,,,,,,,0.3,0.3,,,,,,,,,,,30,,,,,,,,,,,,,,,,,,,,,,,,,,,,,,,,,,2,,,2
08/18/27,N999ZZ,KDVT,KDVT,KDVT KIFP KDVT,,,,,,,2.7,2.7,,2.1,,,,,,,,,300,,,,,,,,,,,,,,,,,,,,,,,,,,,,,,,,,,2,,,2
08/21/27,N789EF,KDVT,KDVT,KDVT KSAF KDVT,,,,,,,4.1,4.1,,,,,,,,,,,660,,,,,,,,,,,,,,,,,,,,,,,,,,,,,,,,,,2,,,2
08/23/27,N999ZZ,KDVT,KDVT,KDVT KPRC KDVT,,,,,,,1.1,1.1,,0.9,,,,,,,,,120,,,,,,,,,,,,,,,,,,,,,,,,,,,,,,,,,,2,,,2
08/26/27,N789EF,KDVT,KDVT,KDVT KCEZ KDVT,,,,,,,3.8,3.8,,,,,,,,,,,600,,,,,,,,,,,,,,,,,,,,,,,,,,,,,,,,,,2,,,2
08/28/27,N999ZZ,KDVT,KDVT,KDVT KGYR KDVT,,,,,,,0.4,0.4,,,,,,,,,,,40,,0.4,,,,,,1;RNAV (GPS) RWY 01;01;KDVT;;,,,,,,,,,,,,,,,,,,,,,,,,,,2,,,2
08/31/27,N999ZZ,KDVT,KDVT,KDVT KFHU KDVT,,,,,,,2.5,2.5,,,,,,,,,,,280,,,,,,,,,,,,,,,,,,,,,,,,,,,,,,,,,,2,,,2
09/03/27,N999ZZ,KDVT,KDVT,KDVT KGCN KDVT,,,,,,,2.7,2.7,,,,,,,,,,,300,,,,,,,,,,,,,,,,,,,,,,,,,,,,,,,,,,2,,,2
09/05/27,N789EF,KDVT,KDVT,KDVT KHND KDVT,,,,,,,2.6,2.6,,,,,,,,,,,420,,,,,,,,,,,,,,,,,,,,,,,,,,,,,,,,,,2,,,2
09/08/27,N999ZZ,KDVT,KDVT,KDVT KFHU KDVT,,,,,,,2.5,2.5,,,,,,,,,,,280,,,,,,,,,,,,,,,,,,,,,,,,,,,,,,,,,,2,,,2
09/10/27,N999ZZ,KDVT,KDVT,KDVT KCGZ KDVT,,,,,,,0.8,0.8,,,,,,,,,,,90,,,,,,,,,,,,,,,,,,,,,,,,,,,,,,,,,,2,,,2
09/13/27,N999ZZ,KDVT,KDVT,KDVT KAVQ KDVT,,,,,,,1.5,1.5,,0.7,,,,,,,,,160,,,,,,,,,,,,,,,,,,,,,,,,,,,,,,,,,,2,,,2
09/16/27,N999ZZ,KDVT,KDVT,KDVT KOLS KDVT,,,,,,,2.2,2.2,,,,,,,,,,,240,,0.8,,,,,,1;RNAV (GPS) RWY 01;01;KDVT;;,,,,,,,,,,,,,,,,,,,,,,,,,,2,,,2
09/18/27,N789EF,KDVT,KDVT,KDVT KTRM KDVT,,,,,,,2.2,2.2,,,,,,,,,,,360,,,,,,,,,,,,,,,,,,,,,,,,,,,,,,,,,,2,,,2
09/21/27,N789EF,KDVT,KDVT,KDVT KSAF KDVT,,,,,,,4.1,4.1,,,,,,,,,,,660,,0.7,,,,,,1;RNAV (GPS) RWY 01;01;KDVT;;,,,,,,,,,,,,,,,,,,,,,,,,,,2,,,2
09/23/27,N789EF,KDVT,KDVT,KDVT KTRM KDVT,,,,,,,2.2,2.2,,,,,,,,,,,360,,0.6,,,,,,1;RNAV (GPS) RWY 01;01;KDVT;;,,,,,,,,,,,,,,,,,,,,,,,,,,2,,,2
09/26/27,N999ZZ,KDVT,KDVT,KDVT KGEU KDVT,,,,,,,0.3,0.3,,0.2727272727272727,,,,,,,,,30,,0.3,,,,,,1;RNAV (GPS) RWY 01;01;KDVT;;,,,,,,,,,,,,,,,,,,,,,,,,,,2,,,2
09/29/27,N789EF,KDVT,KDVT,KDVT KGUP KDVT,,,,,,,2.2,2.2,,2.0,,,,,,,,,360,,,,,,,,,,,,,,,,,,,,,,,,,,,,,,,,,,2,,,2
10/01/27,N789EF,KDVT,KDVT,KDVT KPGA KDVT,,,,,,,2.5,2.5,,,,,,,,,,,400,,,,,,,,,,,,,,,,,,,,,,,,,,,,,,,,,,2,,,2
10/04/27,N999ZZ,KDVT,KDVT,KDVT KGCN KDVT,,,,,,,2.7,2.7,,,,,,,,,,,300,,,,,,,,,,,,,,,,,,,,,,,,,,,,,,,,,,2,,,2
10/06/27,N789EF,KDVT,KDVT,KDVT KSMO KDVT,,,,,,,3.8,3.8,,,,,,,,,,,610,,0.7,,,,,,1;RNAV (GPS) RWY 01;01;KDVT;;,,,,,,,,,,,,,,,,,,,,,,,,,,2,,,2
10/09/27,N999ZZ,KDVT,KDVT,KDVT KIFP KDVT,,,,,,,2.7,2.7,,2.7,,,,,,,,,300,,,,,,,,,,,,,,,,,,,,,,,,,,,,,,,,,,2,,,2
10/12/27,N789EF,KDVT,KDVT,KDVT KCRK KDVT,,,,,,,3.5,3.5,,,,,,,,,,,560,,0.6,,,,,,1;RNAV (GPS) RWY 01;01;KDVT;;,,,,,,,,,,,,,,,,,,,,,,,,,,2,,,2
10/14/27,N999ZZ,KDVT,KDVT,KDVT KSDL KDVT,,,,,,,0.2,0.2,,0.18181818181818182,,,,,,,,,20,,0.2,,,,,,1;RNAV (GPS) RWY 01;01;KDVT;;,,,,,,,,,,,,,,,,,,,,,,,,,,2,,,2
10/17/27,N789EF,KDVT,KDVT,KDVT KSMO KDVT,,,,,,,3.8,3.8,,,,,,,,,,,610,,,,,,,,,,,,,,,,,,,,,,,,,,,,,,,,,,2,,,2
10/20/27,N789EF,KDVT,KDVT,KDVT KTOA KDVT,,,,,,,3.7,3.7,,,,,,,,,,,590,,,,,,,,,,,,,,,,,,,,,,,,,,,,,,,,,,2,,,2
10/22/27,N789EF,KDVT,KDVT,KDVT KPSP KDVT,,,,,,,2.5,2.5,,,,,,,,,,,400,,,,,,,,,,,,,,,,,,,,,,,,,,,,,,,,,,2,,,2
10/25/27,N789EF,KDVT,KDVT,KDVT KALS KDVT,,,,,,,5.0,5.0,,,,,,,,,,,800,,0.4,,,,,,1;RNAV (GPS) RWY 01;01;KDVT;;,,,,,,,,,,,,,,,,,,,,,,,,,,2,,,2
10/27/27,N999ZZ,KDVT,KDVT,KDVT KTUS KDVT,,,,,,,1.7,1.7,,,,,,,,,,,190,,,,,,,,,,,,,,,,,,,,,,,,,,,,,,,,,,2,,,2
10/30/27,N789EF,KDVT,KDVT,KDVT KLGB KDVT,,,,,,,3.6,3.6,,,,,,,,,,,580,,,,,,,,,,,,,,,,,,,,,,,,,,,,,,,,,,2,,,2
11/02/27,N999ZZ,KDVT,KDVT,KDVT KIGM KDVT,,,,,,,2.4,2.4,,,,,,,,,,,260,,,,,,,,,,,,,,,,,,,,,,,,,,,,,,,,,,2,,,2
11/04/27,N789EF,KDVT,KDVT,KDVT KSBA KDVT,,,,,,,4.8,4.8,,0.9,,,,,,,,,760,,,,,,,,,,,,,,,,,,,,,,,,,,,,,,,,,,2,,,2
11/07/27,N789EF,KDVT,KDVT,KDVT KSNA KDVT,,,,,,,3.5,3.5,,,,,,,,,,,560,,0.7,,,,,,1;RNAV (GPS) RWY 01;01;KDVT;;,,,,,,,,,,,,,,,,,,,,,,,,,,2,,,2
11/09/27,N999ZZ,KDVT,KDVT,KDVT KSDL KDVT,,,,,,,0.2,0.2,,0.18181818181818182,,,,,,,,,20,,,,,,,,,,,,,,,,,,,,,,,,,,,,,,,,,,2,,,2
11/12/27,N789EF,KDVT,KDVT,KDVT KSEE KDVT,,,,,,,3.1,3.1,,,,,,,,,,,500,,,,,,,,,,,,,,,,,,,,,,,,,,,,,,,,,,2,,,2
11/15/27,N789EF,KDVT,KDVT,KDVT KPSP KDVT,,,,,,,2.5,2.5,,,,,,,,,,,400,,,,,,,,,,,,,,,,,,,,,,,,,,,,,,,,,,2,,,2
11/17/27,N999ZZ,KDVT,KDVT,KDVT KTUS KDVT,,,,,,,1.7,1.7,,,,,,,,,,,190,,,,,,,,,,,,,,,,,,,,,,,,,,,,,,,,,,2,,,2
11/20/27,N789EF,KDVT,KDVT,KDVT KVGT KDVT,,,,,,,2.9,2.9,,,,,,,,,,,460,,,,,,,,,,,,,,,,,,,,,,,,,,,,,,,,,,2,,,2
11/22/27,N789EF,KDVT,KDVT,KDVT KPUC KDVT,,,,,,,4.4,4.4,,,,,,,,,,,700,,,,,,,,,,,,,,,,,,,,,,,,,,,,,,,,,,2,,,2
11/25/27,N789EF,KDVT,KDVT,KDVT KPSP KDVT,,,,,,,2.5,2.5,,,,,,,,,,,400,,,,,,,,,,,,,,,,,,,,,,,,,,,,,,,,,,2,,,2
11/28/27,N999ZZ,KDVT,KDVT,KDVT KIWA KDVT,,,,,,,0.6,0.6,,0.6,,,,,,,,,70,,,,,,,,,,,,,,,,,,,,,,,,,,,,,,,,,,2,,,2
11/30/27,N789EF,KDVT,KDVT,KDVT KALS KDVT,,,,,,,5.0,5.0,,,,,,,,,,,800,,,,,,,,,,,,,,,,,,,,,,,,,,,,,,,,,,2,,,2
12/03/27,N999ZZ,KDVT,KDVT,KDVT KCGZ KDVT,,,,,,,0.8,0.8,,,,,,,,,,,90,,,,,,,,,,,,,,,,,,,,,,,,,,,,,,,,,,2,,,2
12/05/27,N789EF,KDVT,KDVT,KDVT KSEE KDVT,,,,,,,3.1,3.1,,,,,,,,,,,500,,,,,,,,,,,,,,,,,,,,,,,,,,,,,,,,,,2,,,2
12/08/27,N789EF,KDVT,KDVT,KDVT KSAF KDVT,,,,,,,4.1,4.1,,,,,,,,,,,660,,1.2,,,,,,1;RNAV (GPS) RWY 01;01;KDVT;;,,,,,,,,,,,,,,,,,,,,,,,,,,2,,,2
12/11/27,N999ZZ,KDVT,KDVT,KDVT KPRC KDVT,,,,,,,1.1,1.1,,0.9,,,,,,,,,120,,,,,,,,,,,,,,,,,,,,,,,,,,,,,,,,,,2,,,2
12/13/27,N999ZZ,KDVT,KDVT,KDVT KPRC KDVT,,,,,,,1.1,1.1,,1.0,,,,,,,,,120,,0.1,,,,,,1;RNAV (GPS) RWY 01;01;KDVT;;,,,,,,,,,,,,,,,,,,,,,,,,,,2,,,2
12/16/27,N789EF,KDVT,KDVT,KDVT KDRO KDVT,,,,,,,4.0,4.0,,,,,,,,,,,640,,,,,,,,,,,,,,,,,,,,,,,,,,,,,,,,,,2,,,2
12/18/27,N789EF,KDVT,KDVT,KDVT KSMO KDVT,,,,,,,3.8,3.8,,,,,,,,,,,610,,,,,,,,,,,,,,,,,,,,,,,,,,,,,,,,,,2,,,2
12/21/27,N789EF,KDVT,KDVT,KDVT KSMO KDVT,,,,,,,3.8,3.8,,,,,,,,,,,610,,,,,,,,,,,,,,,,,,,,,,,,,,,,,,,,,,2,,,2
12/24/27,N789EF,KDVT,KDVT,KDVT KTOA KDVT,,,,,,,3.7,3.7,,,,,,,,,,,590,,,,,,,,,,,,,,,,,,,,,,,,,,,,,,,,,,2,,,2
12/26/27,N999ZZ,KDVT,KDVT,KDVT KIWA KDVT,,,,,,,0.6,0.6,,,,,,,,,,,70,,,,,,,,,,,,,,,,,,,,,,,,,,,,,,,,,,2,,,2
12/29/27,N789EF,KDVT,KDVT,KDVT KPSP KDVT,,,,,,,2.5,2.5,,,,,,,,,,,400,,,,,,,,,,,,,,,,,,,,,,,,,,,,,,,,,,2,,,2
01/01/28,N789EF,KDVT,KDVT,KDVT KALS KDVT,,,,,,,5.0,5.0,,4.0,,,,,,,,,800,,,,,,,,,,,,,,,,,,,,,,,,,,,,,,,,,,,,2,2
01/03/28,N789EF,KDVT,KDVT,KDVT KPSP KDVT,,,,,,,2.5,2.5,,1.5,,,,,,,,,400,,0.6,,,,,,1;RNAV (GPS) RWY 01;01;KDVT;;,,,,,,,,,,,,,,,,,,,,,,,,,,,,2,2
01/05/28,N999ZZ,KDVT,KDVT,KDVT KCHD KDVT,,,,,,,0.5,0.5,,,,,,,,,,,60,0.5,,,,,,,1;RNAV (GPS) RWY 01;01;KDVT;;,,,,,,,,,,,,,,,,,,,,,,,,,,2,,,2
01/08/28,N999ZZ,KDVT,KDVT,KDVT KPRC KDVT,,,,,,,1.1,1.1,,0.7,,,,,,,,,120,,0.8,,,,,,1;RNAV (GPS) RWY 01;01;KDVT;;,,,,,,,,,,,,,,,,,,,,,,,,,,,,2,2
01/10/28,N999ZZ,KDVT,KDVT,KDVT KCHD KDVT,,,,,,,0.5,0.5,,,,,,,,,,,60,0.5,,,,,,,1;RNAV (GPS) RWY 01;01;KDVT;;,,,,,,,,,,,,,,,,,,,,,,,,,,2,,,2
01/12/28,N999ZZ,KDVT,KDVT,KDVT KCHD KDVT,,,,,,,0.5,0.5,,,,,,,,,,,60,,,,,,,,,,,,,,,,,,,,,,,,,,,,,,,,,,2,,,2
01/15/28,N789EF,KDVT,KDVT,KDVT KTRM KDVT,,,,,,,2.2,2.2,,,,,,,,,,,360,,,,,,,,,,,,,,,,,,,,,,,,,,,,,,,,,,2,,,2
01/17/28,N789EF,KDVT,KDVT,KDVT KSAF KDVT,,,,,,,4.1,4.1,,,,,,,,,,,660,4.1,,,,,,,1;RNAV (GPS) RWY 01;01;KDVT;;,,,,,,,,,,,,,,,,,,,,,,,,,,2,,,2
01/19/28,N999ZZ,KDVT,KDVT,KDVT KINW KDVT,,,,,,,2.2,2.2,,1.6,,,,,,,,,240,,,,,,,,,,,,,,,,,,,,,,,,,,,,,,,,,,,,2,2
01/22/28,N789EF,KDVT,KDVT,KDVT KSEE KDVT,,,,,,,3.1,3.1,,,,,,,,,,,500,,1.2,,,,,,1;RNAV (GPS) RWY 01;01;KDVT;;,,,,,,,,,,,,,,,,,,,,,,,,,,2,,,2
01/24/28,N999ZZ,KDVT,KDVT,KDVT KTUS KDVT,,,,,,,1.7,1.7,,,,,,,,,,,190,,,,,,,,,,,,,,,,,,,,,,,,,,,,,,,,,,2,,,2
01/26/28,N789EF,KDVT,KDVT,KDVT KDRO KDVT,,,,,,,4.0,4.0,,,,,,,,,,,640,4.0,,,,,,,1;RNAV (GPS) RWY 01;01;KDVT;;,,,,,,,,,,,,,,,,,,,,,,,,,,2,,,2
01/29/28,N789EF,KDVT,KDVT,KDVT KSBA KDVT,,,,,,,4.8,4.8,,,,,,,,,,,760,,,,,,,,,,,,,,,,,,,,,,,,,,,,,,,,,,2,,,2
01/31/28,N789EF,KDVT,KDVT,KDVT KMYF KDVT,,,,,,,3.2,3.2,,,,,,,,,,,520,,,,,,,,,,,,,,,,,,,,,,,,,,,,,,,,,,2,,,2
02/02/28,N999ZZ,KDVT,KDVT,KDVT KCHD KDVT,,,,,,,0.5,0.5,,,,,,,,,,,60,,,,,,,,,,,,,,,,,,,,,,,,,,,,,,,,,,2,,,2
02/05/28,N789EF,KDVT,KDVT,KDVT KPUC KDVT,,,,,,,4.4,4.4,,2.0,,,,,,,,,700,,0.8,,,,,,1;RNAV (GPS) RWY 01;01;KDVT;;,,,,,,,,,,,,,,,,,,,,,,,,,,,,2,2
02/07/28,N999ZZ,KDVT,KDVT,KDVT KIWA KDVT,,,,,,,0.6,0.6,,0.6,,,,,,,,,70,,,,,,,,,,,,,,,,,,,,,,,,,,,,,,,,,,,,2,2
02/10/28,N789EF,KDVT,KDVT,KDVT KGUP KDVT,,,,,,,2.2,2.2,,,,,,,,,,,360,,,,,,,,,,,,,,,,,,,,,,,,,,,,,,,,,,2,,,2
02/12/28,N999ZZ,KDVT,KDVT,KDVT KINW KDVT,,,,,,,2.2,2.2,,0.8,,,,,,,,,240,,,,,,,,,,,,,,,,,,,,,,,,,,,,,,,,,,,,2,2
02/14/28,N789EF,KDVT,KDVT,KDVT KSEE KDVT,,,,,,,3.1,3.1,,,,,,,,,,,500,,,,,,,,,,,,,,,,,,,,,,,,,,,,,,,,,,2,,,2
02/17/28,N789EF,KDVT,KDVT,KDVT KGUP KDVT,,,,,,,2.2,2.2,,,,,,,,,,,360,,,,,,,,,,,,,,,,,,,,,,,,,,,,,,,,,,2,,,2
02/19/28,N999ZZ,KDVT,KDVT,KDVT KGYR KDVT,,,,,,,0.4,0.4,,,,,,,,,,,40,,0.4,,,,,,1;RNAV (GPS) RWY 01;01;KDVT;;,,,,,,,,,,,,,,,,,,,,,,,,,,2,,,2
02/21/28,N999ZZ,KDVT,KDVT,KDVT KFLG KDVT,,,,,,,1.8,1.8,,1.7,,,,,,,,,200,1.8,,,,,,,1;RNAV (GPS) RWY 01;01;KDVT;;,,,,,,,,,,,,,,,,,,,,,,,,,,,,2,2
02/24/28,N999ZZ,KDVT,KDVT,KDVT KFHU KDVT,,,,,,,2.5,2.5,,,,,,,,,,,280,1.0,1.4,,,,,,1;RNAV (GPS) RWY 01;01;KDVT;;,,,,,,,,,,,,,,,,,,,,,,,,,,2,,,2
02/26/28,N789EF,KDVT,KDVT,KDVT KLRU KDVT,,,,,,,2.5,2.5,,,,,,,,,,,400,,,,,,,,,,,,,,,,,,,,,,,,,,,,,,,,,,2,,,2
02/28/28,N999ZZ,KDVT,KDVT,KDVT KTUS KDVT,,,,,,,1.7,1.7,,1.6,,,,,,,,,190,,,,,,,,,,,,,,,,,,,,,,,,,,,,,,,,,,,,2,2
03/02/28,N789EF,KDVT,KDVT,KDVT KCMA KDVT,,,,,,,4.2,4.2,,,,,,,,,,,680,,,,,,,,,,,,,,,,,,,,,,,,,,,,,,,,,,2,,,2
03/04/28,N789EF,KDVT,KDVT,KDVT KCMA KDVT,,,,,,,4.2,4.2,,,,,,,,,,,680,,,,,,,,,,,,,,,,,,,,,,,,,,,,,,,,,,2,,,2
03/06/28,N789EF,KDVT,KDVT,KDVT KPSP KDVT,,,,,,,2.5,2.5,,,,,,,,,,,400,,,,,,,,,,,,,,,,,,,,,,,,,,,,,,,,,,2,,,2
03/09/28,N999ZZ,KDVT,KDVT,KDVT KAVQ KDVT,,,,,,,1.5,1.5,,,,,,,,,,,160,,1.1,,,,,,1;RNAV (GPS) RWY 01;01;KDVT;;,,,,,,,,,,,,,,,,,,,,,,,,,,2,,,2
03/11/28,N789EF,KDVT,KDVT,KDVT KSBA KDVT,,,,,,,4.8,4.8,,,,,,,,,,,760,,0.9,,,,,,1;RNAV (GPS) RWY 01;01;KDVT;;,,,,,,,,,,,,,,,,,,,,,,,,,,2,,,2
03/14/28,N789EF,KDVT,KDVT,KDVT KRNM KDVT,,,,,,,2.9,2.9,,,,,,,,,,,460,,,,,,,,,,,,,,,,,,,,,,,,,,,,,,,,,,2,,,2
03/16/28,N999ZZ,KDVT,KDVT,KDVT KAVQ KDVT,,,,,,,1.5,1.5,,,,,,,,,,,160,,,,,,,,,,,,,,,,,,,,,,,,,,,,,,,,,,2,,,2
03/18/28,N999ZZ,KDVT,KDVT,KDVT KIWA KDVT,,,,,,,0.6,0.6,,,,,,,,,,,70,,0.6,,,,,,1;RNAV (GPS) RWY 01;01;KDVT;;,,,,,,,,,,,,,,,,,,,,,,,,,,2,,,2
03/21/28,N999ZZ,KDVT,KDVT,KDVT KPRC KDVT,,,,,,,1.1,1.1,,,,,,,,,,,120,,,,,,,,,,,,,,,,,,,,,,,,,,,,,,,,,,2,,,2
03/23/28,N999ZZ,KDVT,KDVT,KDVT KGEU KDVT,,,,,,,0.3,0.3,,,,,,,,,,,30,,0.3,,,,,,1;RNAV (GPS) RWY 01;01;KDVT;;,,,,,,,,,,,,,,,,,,,,,,,,,,2,,,2
03/25/28,N789EF,KDVT,KDVT,KDVT KSNA KDVT,,,,,,,3.5,3.5,,,,,,,,,,,560,,,,,,,,,,,,,,,,,,,,,,,,,,,,,,,,,,2,,,2
03/28/28,N789EF,KDVT,KDVT,KDVT KMYF KDVT,,,,,,,3.2,3.2,,,,,,,,,,,520,,,,,,,,,,,,,,,,,,,,,,,,,,,,,,,,,,2,,,2
03/30/28,N999ZZ,KDVT,KDVT,KDVT KINW KDVT,,,,,,,2.2,2.2,,,,,,,,,,,240,,1.3,,,,,,1;RNAV (GPS) RWY 01;01;KDVT;;,,,,,,,,,,,,,,,,,,,,,,,,,,2,,,2
04/01/28,N789EF,KDVT,KDVT,KDVT KSNA KDVT,,,,,,,3.5,3.5,,,,,,,,,,,560,,,,,,,,,,,,,,,,,,,,,,,,,,,,,,,,,,2,,,2
04/04/28,N999ZZ,KDVT,KDVT,KDVT KOLS KDVT,,,,,,,2.2,2.2,,2.0,,,,,,,,,240,,,,,,,,,,,,,,,,,,,,,,,,,,,,,,,,,,2,,,2
04/06/28,N789EF,KDVT,KDVT,KDVT KPSP KDVT,,,,,,,2.5,2.5,,,,,,,,,,,400,,0.2,,,,,,1;RNAV (GPS) RWY 01;01;KDVT;;,,,,,,,,,,,,,,,,,,,,,,,,,,2,,,2
04/08/28,N999ZZ,KDVT,KDVT,KDVT KFHU KDVT,,,,,,,2.5,2.5,,,,,,,,,,,280,,0.7,,,,,,1;RNAV (GPS) RWY 01;01;KDVT;;,,,,,,,,,,,,,,,,,,,,,,,,,,2,,,2
04/11/28,N789EF,KDVT,KDVT,KDVT KRNM KDVT,,,,,,,2.9,2.9,,,,,,,,,,,460,,,,,,,,,,,,,,,,,,,,,,,,,,,,,,,,,,2,,,2
04/13/28,N999ZZ,KDVT,KDVT,KDVT KFLG KDVT,,,,,,,1.8,1.8,,,,,,,,,,,200,,,,,,,,,,,,,,,,,,,,,,,,,,,,,,,,,,2,,,2
04/15/28,N789EF,KDVT,KDVT,KDVT KSEE KDVT,,,,,,,3.1,3.1,,2.3,,,,,,,,,500,,,,,,,,,,,,,,,,,,,,,,,,,,,,,,,,,,2,,,2
04/18/28,N789EF,KDVT,KDVT,KDVT KRNM KDVT,,,,,,,2.9,2.9,,,,,,,,,,,460,,,,,,,,,,,,,,,,,,,,,,,,,,,,,,,,,,2,,,2
04/20/28,N789EF,KDVT,KDVT,KDVT KSAF KDVT,,,,,,,4.1,4.1,,1.8,,,,,,,,,660,,,,,,,,,,,,,,,,,,,,,,,,,,,,,,,,,,2,,,2
04/23/28,N999ZZ,KDVT,KDVT,KDVT KFFZ KDVT,,,,,,,0.4,0.4,,,,,,,,,,,40,,,,,,,,,,,,,,,,,,,,,,,,,,,,,,,,,,2,,,2
04/25/28,N789EF,KDVT,KDVT,KDVT KDRO KDVT,,,,,,,4.0,4.0,,,,,,,,,,,640,,,,,,,,,,,,,,,,,,,,,,,,,,,,,,,,,,2,,,2
04/27/28,N789EF,KDVT,KDVT,KDVT KGUP KDVT,,,,,,,2.2,2.2,,,,,,,,,,,360,,,,,,,,,,,,,,,,,,,,,,,,,,,,,,,,,,2,,,2
04/30/28,N999ZZ,KDVT,KDVT,KDVT KFLG KDVT,,,,,,,1.8,1.8,,,,,,,,,,,200,,,,,,,,,,,,,,,,,,,,,,,,,,,,,,,,,,2,,,2
05/02/28,N999ZZ,KDVT,KDVT,KDVT KAVQ KDVT,,,,,,,1.5,1.5,,,,,,,,,,,160,,1.0,,,,,,1;RNAV (GPS) RWY 01;01;KDVT;;,,,,,,,,,,,,,,,,,,,,,,,,,,2,,,2
05/04/28,N999ZZ,KDVT,KDVT,KDVT KGCN KDVT,,,,,,,2.7,2.7,,,,,,,,,,,300,,,,,,,,,,,,,,,,,,,,,,,,,,,,,,,,,,2,,,2
05/07/28,N789EF,KDVT,KDVT,KDVT KMYF KDVT,,,,,,,3.2,3.2,,,,,,,,,,,520,,,,,,,,,,,,,,,,,,,,,,,,,,,,,,,,,,2,,,2
05/09/28,N789EF,KDVT,KDVT,KDVT KGUP KDVT,,,,,,,2.2,2.2,,1.1,,,,,,,,,360,,,,,,,,,,,,,,,,,,,,,,,,,,,,,,,,,,2,,,2
05/11/28,N999ZZ,KDVT,KDVT,KDVT KCGZ KDVT,,,,,,,0.8,0.8,,0.6,,,,,,,,,90,,0.8,,,,,,1;RNAV (GPS) RWY 01;01;KDVT;;,,,,,,,,,,,,,,,,,,,,,,,,,,2,,,2
05/14/28,N789EF,KDVT,KDVT,KDVT KMYF KDVT,,,,,,,3.2,3.2,,1.5,,,,,,,,,520,,,,,,,,,,,,,,,,,,,,,,,,,,,,,,,,,,2,,,2
05/16/28,N789EF,KDVT,KDVT,KDVT KRNM KDVT,,,,,,,2.9,2.9,,,,,,,,,,,460,,0.7,,,,,,1;RNAV (GPS) RWY 01;01;KDVT;;,,,,,,,,,,,,,,,,,,,,,,,,,,2,,,2
05/18/28,N789EF,KDVT,KDVT,KDVT KPSP KDVT,,,,,,,2.5,2.5,,,,,,,,,,,400,,,,,,,,,,,,,,,,,,,,,,,,,,,,,,,,,,2,,,2
05/21/28,N999ZZ,KDVT,KDVT,KDVT KOLS KDVT,,,,,,,2.2,2.2,,,,,,,,,,,240,,0.8,,,,,,1;RNAV (GPS) RWY 01;01;KDVT;;,,,,,,,,,,,,,,,,,,,,,,,,,,2,,,2
05/23/28,N999ZZ,KDVT,KDVT,KDVT KSEZ KDVT,,,,,,,1.5,1.5,,,,,,,,,,,160,,0.4,,,,,,1;RNAV (GPS) RWY 01;01;KDVT;;,,,,,,,,,,,,,,,,,,,,,,,,,,2,,,2
05/26/28,N999ZZ,KDVT,KDVT,KDVT KTUS KDVT,,,,,,,1.7,1.7,,,,,,,,,,,190,,,,,,,,,,,,,,,,,,,,,,,,,,,,,,,,,,2,,,2
05/28/28,N999ZZ,KDVT,KDVT,KDVT KFHU KDVT,,,,,,,2.5,2.5,,,,,,,,,,,280,,,,,,,,,,,,,,,,,,,,,,,,,,,,,,,,,,2,,,2
05/30/28,N789EF,KDVT,KDVT,KDVT KMYF KDVT,,,,,,,3.2,3.2,,,,,,,,,,,520,,,,,,,,,,,,,,,,,,,,,,,,,,,,,,,,,,2,,,2
06/02/28,N999ZZ,KDVT,KDVT,KDVT KFLG KDVT,,,,,,,1.8,1.8,,,,,,,,,,,200,,0.4,,,,,,1;RNAV (GPS) RWY 01;01;KDVT;;,,,,,,,,,,,,,,,,,,,,,,,,,,2,,,2
06/04/28,N789EF,KDVT,KDVT,KDVT KSBA KDVT,,,,,,,4.8,4.8,,1.1,,,,,,,,,760,,,,,,,,,,,,,,,,,,,,,,,,,,,,,,,,,,2,,,2
06/06/28,N999ZZ,KDVT,KDVT,KDVT KSEZ KDVT,,,,,,,1.5,1.5,,,,,,,,,,,160,,,,,,,,,,,,,,,,,,,,,,,,,,,,,,,,,,2,,,2
06/09/28,N789EF,KDVT,KDVT,KDVT KTRM KDVT,,,,,,,2.2,2.2,,,,,,,,,,,360,,,,,,,,,,,,,,,,,,,,,,,,,,,,,,,,,,2,,,2
06/11/28,N789EF,KDVT,KDVT,KDVT KPUC KDVT,,,,,,,4.4,4.4,,,,,,,,,,,700,,,,,,,,,,,,,,,,,,,,,,,,,,,,,,,,,,2,,,2
06/13/28,N999ZZ,KDVT,KDVT,KDVT KFHU KDVT,,,,,,,2.5,2.5,,,,,,,,,,,280,,1.2,,,,,,1;RNAV (GPS) RWY 01;01;KDVT;;,,,,,,,,,,,,,,,,,,,,,,,,,,2,,,2
06/16/28,N789EF,KDVT,KDVT,KDVT KMYF KDVT,,,,,,,3.2,3.2,,,,,,,,,,,520,,,,,,,,,,,,,,,,,,,,,,,,,,,,,,,,,,2,,,2
06/18/28,N999ZZ,KDVT,KDVT,KDVT KTUS KDVT,,,,,,,1.7,1.7,,,,,,,,,,,190,,,,,,,,,,,,,,,,,,,,,,,,,,,,,,,,,,2,,,2
06/20/28,N999ZZ,KDVT,KDVT,KDVT KFFZ KDVT,,,,,,,0.4,0.4,,,,,,,,,,,40,,,,,,,,,,,,,,,,,,,,,,,,,,,,,,,,,,2,,,2
06/23/28,N999ZZ,KDVT,KDVT,KDVT KFHU KDVT,,,,,,,2.5,2.5,,,,,,,,,,,280,,,,,,,,,,,,,,,,,,,,,,,,,,,,,,,,,,2,,,2
06/25/28,N789EF,KDVT,KDVT,KDVT KMYF KDVT,,,,,,,3.2,3.2,,3.2,,,,,,,,,520,,,,,,,,,,,,,,,,,,,,,,,,,,,,,,,,,,2,,,2
06/27/28,N999ZZ,KDVT,KDVT,KDVT KOLS KDVT,,,,,,,2.2,2.2,,1.5,,,,,,,,,240,,,,,,,,,,,,,,,,,,,,,,,,,,,,,,,,,,2,,,2
06/30/28,N999ZZ,KDVT,KDVT,KDVT KGYR KDVT,,,,,,,0.4,0.4,,,,,,,,,,,40,,,,,,,,,,,,,,,,,,,,,,,,,,,,,,,,,,2,,,2
07/02/28,N999ZZ,KDVT,KDVT,KDVT KCHD KDVT,,,,,,,0.5,0.5,,,,,,,,,,,60,,,,,,,,,,,,,,,,,,,,,,,,,,,,,,,,,,2,,,2
07/05/28,N789EF,KDVT,KDVT,KDVT KPSP KDVT,,,,,,,2.5,2.5,,1.5,,,,,,,,,400,,1.2,,,,,,1;RNAV (GPS) RWY 01;01;KDVT;;,,,,,,,,,,,,,,,,,,,,,,,,,,2,,,2
07/07/28,N789EF,KDVT,KDVT,KDVT KSEE KDVT,,,,,,,3.1,3.1,,2.3,,,,,,,,,500,,,,,,,,,,,,,,,,,,,,,,,,,,,,,,,,,,2,,,2
07/09/28,N999ZZ,KDVT,KDVT,KDVT KGCN KDVT,,,,,,,2.7,2.7,,,,,,,,,,,300,,1.1,,,,,,1;RNAV (GPS) RWY 01;01;KDVT;;,,,,,,,,,,,,,,,,,,,,,,,,,,2,,,2
07/12/28,N999ZZ,KDVT,KDVT,KDVT KCGZ KDVT,,,,,,,0.8,0.8,,0.5,,,,,,,,,90,,,,,,,,,,,,,,,,,,,,,,,,,,,,,,,,,,2,,,2
07/14/28,N999ZZ,KDVT,KDVT,KDVT KCHD KDVT,,,,,,,0.5,0.5,,,,,,,,,,,60,,,,,,,,,,,,,,,,,,,,,,,,,,,,,,,,,,2,,,2
07/16/28,N789EF,KDVT,KDVT,KDVT KCMA KDVT,,,,,,,4.2,4.2,,,,,,,,,,,680,,1.2,,,,,,1;RNAV (GPS) RWY 01;01;KDVT;;,,,,,,,,,,,,,,,,,,,,,,,,,,2,,,2
07/19/28,N789EF,KDVT,KDVT,KDVT KSBA KDVT,,,,,,,4.8,4.8,,4.6,,,,,,,,,760,,,,,,,,,,,,,,,,,,,,,,,,,,,,,,,,,,2,,,2
07/21/28,N789EF,KDVT,KDVT,KDVT KALS KDVT,,,,,,,5.0,5.0,,,,,,,,,,,800,,,,,,,,,,,,,,,,,,,,,,,,,,,,,,,,,,2,,,2
07/23/28,N999ZZ,KDVT,KDVT,KDVT KTUS KDVT,,,,,,,1.7,1.7,,,,,,,,,,,190,,0.6,,,,,,1;RNAV (GPS) RWY 01;01;KDVT;;,,,,,,,,,,,,,,,,,,,,,,,,,,2,,,2
07/26/28,N999ZZ,KDVT,KDVT,KDVT KFFZ KDVT,,,,,,,0.4,0.4,,,,,,,,,,,40,,,,,,,,,,,,,,,,,,,,,,,,,,,,,,,,,,2,,,2
07/28/28,N789EF,KDVT,KDVT,KDVT KSBA KDVT,,,,,,,4.8,4.8,,2.8,,,,,,,,,760,,,,,,,,,,,,,,,,,,,,,,,,,,,,,,,,,,2,,,2
07/30/28,N789EF,KDVT,KDVT,KDVT KDRO KDVT,,,,,,,4.0,4.0,,,,,,,,,,,640,,,,,,,,,,,,,,,,,,,,,,,,,,,,,,,,,,2,,,2
08/02/28,N789EF,KDVT,KDVT,KDVT KLRU KDVT,,,,,,,2.5,2.5,,,,,,,,,,,400,,,,,,,,,,,,,,,,,,,,,,,,,,,,,,,,,,2,,,2
08/04/28,N999ZZ,KDVT,KDVT,KDVT KFHU KDVT,,,,,,,2.5,2.5,,,,,,,,,,,280,,,,,,,,,,,,,,,,,,,,,,,,,,,,,,,,,,2,,,2
08/07/28,N999ZZ,KDVT,KDVT,KDVT KSEZ KDVT,,,,,,,1.5,1.5,,,,,,,,,,,160,,,,,,,,,,,,,,,,,,,,,,,,,,,,,,,,,,2,,,2
08/09/28,N999ZZ,KDVT,KDVT,KDVT KTUS KDVT,,,,,,,1.7,1.7,,1.6,,,,,,,,,190,,1.1,,,,,,1;RNAV (GPS) RWY 01;01;KDVT;;,,,,,,,,,,,,,,,,,,,,,,,,,,2,,,2
08/11/28,N789EF,KDVT,KDVT,KDVT KSBA KDVT,,,,,,,4.8,4.8,,,,,,,,,,,760,,,,,,,,,,,,,,,,,,,,,,,,,,,,,,,,,,2,,,2
08/14/28,N999ZZ,KDVT,KDVT,KDVT KINW KDVT,,,,,,,2.2,2.2,,,,,,,,,,,240,,,,,,,,,,,,,,,,,,,,,,,,,,,,,,,,,,2,,,2
08/16/28,N999ZZ,KDVT,KDVT,KDVT KFLG KDVT,,,,,,,1.8,1.8,,,,,,,,,,,200,,,,,,,,,,,,,,,,,,,,,,,,,,,,,,,,,,2,,,2
08/18/28,N999ZZ,KDVT,KDVT,KDVT KGEU KDVT,,,,,,,0.3,0.3,,,,,,,,,,,30,,,,,,,,,,,,,,,,,,,,,,,,,,,,,,,,,,2,,,2
08/21/28,N789EF,KDVT,KDVT,KDVT KSNA KDVT,,,,,,,3.5,3.5,,,,,,,,,,,560,,0.6,,,,,,1;RNAV (GPS) RWY 01;01;KDVT;;,,,,,,,,,,,,,,,,,,,,,,,,,,2,,,2
08/23/28,N999ZZ,KDVT,KDVT,KDVT KGEU KDVT,,,,,,,0.3,0.3,,,,,,,,,,,30,,,,,,,,,,,,,,,,,,,,,,,,,,,,,,,,,,2,,,2
08/25/28,N999ZZ,KDVT,KDVT,KDVT KAVQ KDVT,,,,,,,1.5,1.5,,,,,,,,,,,160,,0.8,,,,,,1;RNAV (GPS) RWY 01;01;KDVT;;,,,,,,,,,,,,,,,,,,,,,,,,,,2,,,2
08/28/28,N789EF,KDVT,KDVT,KDVT KPSP KDVT,,,,,,,2.5,2.5,,2.2,,,,,,,,,400,,0.1,,,,,,1;RNAV (GPS) RWY 01;01;KDVT;;,,,,,,,,,,,,,,,,,,,,,,,,,,2,,,2
08/30/28,N999ZZ,KDVT,KDVT,KDVT KPRC KDVT,,,,,,,1.1,1.1,,,,,,,,,,,120,,,,,,,,,,,,,,,,,,,,,,,,,,,,,,,,,,2,,,2
09/01/28,N789EF,KDVT,KDVT,KDVT KCMA KDVT,,,,,,,4.2,4.2,,,,,,,,,,,680,,,,,,,,,,,,,,,,,,,,,,,,,,,,,,,,,,2,,,2
09/04/28,N999ZZ,KDVT,KDVT,KDVT KGYR KDVT,,,,,,,0.4,0.4,,,,,,,,,,,40,,,,,,,,,,,,,,,,,,,,,,,,,,,,,,,,,,2,,,2
09/06/28,N999ZZ,KDVT,KDVT,KDVT KFHU KDVT,,,,,,,2.5,2.5,,1.1,,,,,,,,,280,,,,,,,,,,,,,,,,,,,,,,,,,,,,,,,,,,2,,,2
09/08/28,N999ZZ,KDVT,KDVT,KDVT KAVQ KDVT,,,,,,,1.5,1.5,,0.6,,,,,,,,,160,,,,,,,,,,,,,,,,,,,,,,,,,,,,,,,,,,2,,,2
09/11/28,N789EF,KDVT,KDVT,KDVT KRNM KDVT,,,,,,,2.9,2.9,,1.4,,,,,,,,,460,,0.8,,,,,,1;RNAV (GPS) RWY 01;01;KDVT;;,,,,,,,,,,,,,,,,,,,,,,,,,,2,,,2
09/13/28,N999ZZ,KDVT,KDVT,KDVT KFLG KDVT,,,,,,,1.8,1.8,,,,,,,,,,,200,,,,,,,,,,,,,,,,,,,,,,,,,,,,,,,,,,2,,,2
09/16/28,N999ZZ,KDVT,KDVT,KDVT KGCN KDVT,,,,,,,2.7,2.7,,,,,,,,,,,300,,,,,,,,,,,,,,,,,,,,,,,,,,,,,,,,,,2,,,2
09/18/28,N999ZZ,KDVT,KDVT,KDVT KPRC KDVT,,,,,,,1.1,1.1,,,,,,,,,,,120,,,,,,,,,,,,,,,,,,,,,,,,,,,,,,,,,,2,,,2
09/20/28,N789EF,KDVT,KDVT,KDVT KALS KDVT,,,,,,,5.0,5.0,,,,,,,,,,,800,,1.1,,,,,,1;RNAV (GPS) RWY 01;01;KDVT;;,,,,,,,,,,,,,,,,,,,,,,,,,,2,,,2
09/23/28,N789EF,KDVT,KDVT,KDVT KALS KDVT,,,,,,,5.0,5.0,,,,,,,,,,,800,,0.4,,,,,,1;RNAV (GPS) RWY 01;01;KDVT;;,,,,,,,,,,,,,,,,,,,,,,,,,,2,,,2
09/25/28,N999ZZ,KDVT,KDVT,KDVT KINW KDVT,,,,,,,2.2,2.2,,,,,,,,,,,240,,,,,,,,,,,,,,,,,,,,,,,,,,,,,,,,,,2,,,2
09/27/28,N789EF,KDVT,KDVT,KDVT KALS KDVT,,,,,,,5.0,5.0,,,,,,,,,,,800,,,,,,,,,,,,,,,,,,,,,,,,,,,,,,,,,,2,,,2
09/30/28,N789EF,KDVT,KDVT,KDVT KCMA KDVT,,,,,,,4.2,4.2,,,,,,,,,,,680,,,,,,,,,,,,,,,,,,,,,,,,,,,,,,,,,,2,,,2
10/02/28,N789EF,KDVT,KDVT,KDVT KDRO KDVT,,,,,,,4.0,4.0,,,,,,,,,,,640,,0.7,,,,,,1;RNAV (GPS) RWY 01;01;KDVT;;,,,,,,,,,,,,,,,,,,,,,,,,,,2,,,2
10/04/28,N789EF,KDVT,KDVT,KDVT KPUC KDVT,,,,,,,4.4,4.4,,,,,,,,,,,700,,1.1,,,,,,1;RNAV (GPS) RWY 01;01;KDVT;;,,,,,,,,,,,,,,,,,,,,,,,,,,2,,,2
10/07/28,N999ZZ,KDVT,KDVT,KDVT KPRC KDVT,,,,,,,1.1,1.1,,,,,,,,,,,120,,,,,,,,,,,,,,,,,,,,,,,,,,,,,,,,,,2,,,2
10/09/28,N789EF,KDVT,KDVT,KDVT KRNM KDVT,,,,,,,2.9,2.9,,,,,,,,,,,460,,1.0,,,,,,1;RNAV (GPS) RWY 01;01;KDVT;;,,,,,,,,,,,,,,,,,,,,,,,,,,2,,,2
10/11/28,N789EF,KDVT,KDVT,KDVT KALS KDVT,,,,,,,5.0,5.0,,,,,,,,,,,800,,,,,,,,,,,,,,,,,,,,,,,,,,,,,,,,,,2,,,2
10/14/28,N999ZZ,KDVT,KDVT,KDVT KGEU KDVT,,,,,,,0.3,0.3,,0.2727272727272727,,,,,,,,,30,,,,,,,,,,,,,,,,,,,,,,,,,,,,,,,,,,2,,,2
10/16/28,N999ZZ,KDVT,KDVT,KDVT KIWA KDVT,,,,,,,0.6,0.6,,,,,,,,,,,70,,,,,,,,,,,,,,,,,,,,,,,,,,,,,,,,,,2,,,2
10/19/28,N999ZZ,KDVT,KDVT,KDVT KGYR KDVT,,,,,,,0.4,0.4,,,,,,,,,,,40,,0.4,,,,,,1;RNAV (GPS) RWY 01;01;KDVT;;,,,,,,,,,,,,,,,,,,,,,,,,,,2,,,2
10/21/28,N789EF,KDVT,KDVT,KDVT KRNM KDVT,,,,,,,2.9,2.9,,,,,,,,,,,460,,1.4,,,,,,1;RNAV (GPS) RWY 01;01;KDVT;;,,,,,,,,,,,,,,,,,,,,,,,,,,2,,,2
10/23/28,N999ZZ,KDVT,KDVT,KDVT KAVQ KDVT,,,,,,,1.5,1.5,,,,,,,,,,,160,,,,,,,,,,,,,,,,,,,,,,,,,,,,,,,,,,2,,,2
10/26/28,N999ZZ,KDVT,KDVT,KDVT KTUS KDVT,,,,,,,1.7,1.7,,0.7,,,,,,,,,190,,,,,,,,,,,,,,,,,,,,,,,,,,,,,,,,,,2,,,2
10/28/28,N789EF,KDVT,KDVT,KDVT KCMA KDVT,,,,,,,4.2,4.2,,0.8,,,,,,,,,680,,,,,,,,,,,,,,,,,,,,,,,,,,,,,,,,,,2,,,2
10/30/28,N999ZZ,KDVT,KDVT,KDVT KINW KDVT,,,,,,,2.2,2.2,,,,,,,,,,,240,,,,,,,,,,,,,,,,,,,,,,,,,,,,,,,,,,2,,,2
11/02/28,N999ZZ,KDVT,KDVT,KDVT KFLG KDVT,,,,,,,1.8,1.8,,,,,,,,,,,200,,,,,,,,,,,,,,,,,,,,,,,,,,,,,,,,,,2,,,2
11/04/28,N789EF,KDVT,KDVT,KDVT KPUC KDVT,,,,,,,4.4,4.4,,2.4,,,,,,,,,700,,,,,,,,,,,,,,,,,,,,,,,,,,,,,,,,,,2,,,2
11/06/28,N999ZZ,KDVT,KDVT,KDVT KFHU KDVT,,,,,,,2.5,2.5,,,,,,,,,,,280,,,,,,,,,,,,,,,,,,,,,,,,,,,,,,,,,,2,,,2
11/09/28,N999ZZ,KDVT,KDVT,KDVT KGCN KDVT,,,,,,,2.7,2.7,,,,,,,,,,,300,,,,,,,,,,,,,,,,,,,,,,,,,,,,,,,,,,2,,,2
11/11/28,N789EF,KDVT,KDVT,KDVT KSEE KDVT,,,,,,,3.1,3.1,,,,,,,,,,,500,,0.7,,,,,,1;RNAV (GPS) RWY 01;01;KDVT;;,,,,,,,,,,,,,,,,,,,,,,,,,,2,,,2
11/13/28,N789EF,KDVT,KDVT,KDVT KCMA KDVT,,,,,,,4.2,4.2,,,,,,,,,,,680,,,,,,,,,,,,,,,,,,,,,,,,,,,,,,,,,,2,,,2
11/16/28,N999ZZ,KDVT,KDVT,KDVT KGCN KDVT,,,,,,,2.7,2.7,,,,,,,,,,,300,,1.4,,,,,,1;RNAV (GPS) RWY 01;01;KDVT;;,,,,,,,,,,,,,,,,,,,,,,,,,,2,,,2
11/18/28,N999ZZ,KDVT,KDVT,KDVT KFHU KDVT,,,,,,,2.5,2.5,,1.7,,,,,,,,,280,,,,,,,,,,,,,,,,,,,,,,,,,,,,,,,,,,2,,,2
11/20/28,N999ZZ,KDVT,KDVT,KDVT KFLG KDVT,,,,,,,1.8,1.8,,,,,,,,,,,200,,1.2,,,,,,1;RNAV (GPS) RWY 01;01;KDVT;;,,,,,,,,,,,,,,,,,,,,,,,,,,2,,,2
11/23/28,N789EF,KDVT,KDVT,KDVT KSEE KDVT,,,,,,,3.1,3.1,,,,,,,,,,,500,,0.9,,,,,,1;RNAV (GPS) RWY 01;01;KDVT;;,,,,,,,,,,,,,,,,,,,,,,,,,,2,,,2
11/25/28,N789EF,KDVT,KDVT,KDVT KPGA KDVT,,,,,,,2.5,2.5,,,,,,,,,,,400,,,,,,,,,,,,,,,,,,,,,,,,,,,,,,,,,,2,,,2
11/28/28,N999ZZ,KDVT,KDVT,KDVT KPRC KDVT,,,,,,,1.1,1.1,,,,,,,,,,,120,,0.5,,,,,,1;RNAV (GPS) RWY 01;01;KDVT;;,,,,,,,,,,,,,,,,,,,,,,,,,,2,,,2
11/30/28,N999ZZ,KDVT,KDVT,KDVT KCHD KDVT,,,,,,,0.5,0.5,,,,,,,,,,,60,,0.5,,,,,,1;RNAV (GPS) RWY 01;01;KDVT;;,,,,,,,,,,,,,,,,,,,,,,,,,,2,,,2
12/02/28,N789EF,KDVT,KDVT,KDVT KTRM KDVT,,,,,,,2.2,2.2,,,,,,,,,,,360,,,,,,,,,,,,,,,,,,,,,,,,,,,,,,,,,,2,,,2
12/05/28,N789EF,KDVT,KDVT,KDVT KTRM KDVT,,,,,,,2.2,2.2,,,,,,,,,,,360,,,,,,,,,,,,,,,,,,,,,,,,,,,,,,,,,,2,,,2
12/07/28,N789EF,KDVT,KDVT,KDVT KTRM KDVT,,,,,,,2.2,2.2,,,,,,,,,,,360,,,,,,,,,,,,,,,,,,,,,,,,,,,,,,,,,,2,,,2
12/09/28,N999ZZ,KDVT,KDVT,KDVT KIWA KDVT,,,,,,,0.6,0.6,,,,,,,,,,,70,,,,,,,,,,,,,,,,,,,,,,,,,,,,,,,,,,2,,,2
12/12/28,N999ZZ,KDVT,KDVT,KDVT KINW KDVT,,,,,,,2.2,2.2,,,,,,,,,,,240,,0.4,,,,,,1;RNAV (GPS) RWY 01;01;KDVT;;,,,,,,,,,,,,,,,,,,,,,,,,,,2,,,2
12/14/28,N999ZZ,KDVT,KDVT,KDVT KCHD KDVT,,,,,,,0.5,0.5,,0.5,,,,,,,,,60,,,,,,,,,,,,,,,,,,,,,,,,,,,,,,,,,,2,,,2
12/16/28,N789EF,KDVT,KDVT,KDVT KSAF KDVT,,,,,,,4.1,4.1,,,,,,,,,,,660,,,,,,,,,,,,,,,,,,,,,,,,,,,,,,,,,,2,,,2
12/19/28,N789EF,KDVT,KDVT,KDVT KPGA KDVT,,,,,,,2.5,2.5,,,,,,,,,,,400,,,,,,,,,,,,,,,,,,,,,,,,,,,,,,,,,,2,,,2
12/21/28,N789EF,KDVT,KDVT,KDVT KLRU KDVT,,,,,,,2.5,2.5,,,,,,,,,,,400,,1.4,,,,,,1;RNAV (GPS) RWY 01;01;KDVT;;,,,,,,,,,,,,,,,,,,,,,,,,,,2,,,2
12/23/28,N999ZZ,KDVT,KDVT,KDVT KGEU KDVT,,,,,,,0.3,0.3,,,,,,,,,,,30,,0.3,,,,,,1;RNAV (GPS) RWY 01;01;KDVT;;,,,,,,,,,,,,,,,,,,,,,,,,,,2,,,2
12/26/28,N789EF,KDVT,KDVT,KDVT KTRM KDVT,,,,,,,2.2,2.2,,,,,,,,,,,360,,,,,,,,,,,,,,,,,,,,,,,,,,,,,,,,,,2,,,2
12/28/28,N789EF,KDVT,KDVT,KDVT KPSP KDVT,,,,,,,2.5,2.5,,,,,,,,,,,400,,,,,,,,,,,,,,,,,,,,,,,,,,,,,,,,,,2,,,2
